﻿MilestoneID,ParticipantEmail,MilestoneTitle,MilestoneDate
1,penelope.martinez4@studentmail.org,AA in Art & Design,3/7/25
2,penelope.martinez4@studentmail.org,Clinical Data Coordinator,11/3/24
3,natalie.torres6@studentmail.org,Middle School Diploma,8/29/22
4,natalie.torres6@studentmail.org,Published Project,11/13/22
5,elizabeth.harris7@learners.net,High School Diploma,5/2/25
6,paisley.jones8@studentmail.org,Mentorship Program,6/26/23
7,paisley.jones8@studentmail.org,Internship,9/28/22
8,paisley.jones8@studentmail.org,BS in Information Systems,1/21/24
9,victoria.lee9@ellarises.org,High School Diploma,12/31/23
10,hannah.torres10@learners.net,Junior QA Tester,6/2/29
11,lucy.rodriguez11@studentmail.org,Middle School Diploma,10/18/25
12,lucy.rodriguez11@studentmail.org,Product Designer,2/2/32
13,victoria.rodriguez12@community.org,Published Project,5/6/24
14,elijah.hill13@ellarises.org,BA in Studio Arts,11/13/29
15,elijah.hill13@ellarises.org,High School Diploma,11/13/26
16,olivia.davis14@learners.net,AA in Art & Design,2/15/22
17,olivia.davis14@learners.net,Systems Analyst,7/19/22
18,olivia.davis14@learners.net,IT Help Desk Trainee,2/4/22
19,lucy.allen15@studentmail.org,Published Project,7/27/23
20,lucy.allen15@studentmail.org,Product Designer,5/1/33
21,nora.martinez16@learners.net,High School Diploma,9/21/23
22,nora.martinez16@learners.net,Internship,1/11/24
23,alexander.johnson17@ellarises.org,Digital Illustration Certificate,8/10/23
24,abigail.garcia18@community.org,High School Diploma,10/9/22
25,chloe.taylor19@community.org,Competition Award,1/3/24
26,zoe.lewis20@community.org,Customer Support Rep,11/9/25
27,madison.nguyen21@studentmail.org,Competition Award,3/19/23
28,skylar.jones22@studentmail.org,Digital Illustration Certificate,2/4/28
29,jack.thomas23@community.org,Competition Award,10/31/22
30,elijah.clark24@community.org,BS in Information Systems,10/19/22
31,violet.miller25@studentmail.org,MFA in Studio Arts,9/10/24
32,olivia.garcia27@studentmail.org,Internship,3/28/25
33,amelia.hernandez28@community.org,High School Diploma,11/25/23
34,alexander.martinez29@studentmail.org,Data Analytics Certificate,4/12/23
35,alexander.martinez29@studentmail.org,Customer Support Rep,3/12/22
36,amelia.brown30@community.org,Customer Support Rep,7/29/25
37,riley.jones31@ellarises.org,Internship,9/2/23
38,abigail.clark32@learners.net,Internship,11/2/23
39,abigail.clark32@learners.net,BS in Information Systems,3/11/24
40,elizabeth.jones34@studentmail.org,Internship,6/16/23
41,zoe.jackson35@studentmail.org,Camp Counselor,7/16/25
42,mason.smith36@learners.net,Published Project,1/26/24
43,scarlett.moore37@learners.net,BA in Studio Arts,6/2/33
44,scarlett.moore37@learners.net,Data Analytics Certificate,6/2/31
45,mateo.young38@learners.net,High School Diploma,4/9/23
46,skylar.rodriguez39@learners.net,AA in Art & Design,7/31/28
47,evelyn.martinez40@ellarises.org,AAS in Drafting & Design,8/22/25
48,bella.white41@ellarises.org,BS in Mechanical Engineering,12/16/32
49,noah.flores42@studentmail.org,Middle School Diploma,1/28/26
50,noah.flores42@studentmail.org,AAS in Drafting & Design,4/1/25
51,skylar.clark43@studentmail.org,Studio Assistant,3/5/25
52,jack.anderson44@studentmail.org,Web Development Certificate,3/6/26
53,zoey.sanchez45@learners.net,Middle School Diploma,8/14/23
54,liam.wright46@learners.net,Competition Award,2/9/26
55,mila.hill47@community.org,Middle School Diploma,9/30/24
56,hazel.torres48@studentmail.org,MBA,4/1/22
57,avery.martin50@learners.net,Internship,12/2/23
58,oliver.harris51@studentmail.org,AA in Art & Design,11/20/24
59,oliver.harris51@studentmail.org,Middle School Diploma,11/10/24
60,william.nguyen52@learners.net,Published Project,2/2/26
61,chloe.garcia53@learners.net,Mentorship Program,1/14/26
62,bella.anderson54@studentmail.org,Camp Counselor,8/9/25
63,bella.anderson54@studentmail.org,AA in Art & Design,8/28/26
64,bella.anderson54@studentmail.org,Published Project,3/3/25
65,benjamin.clark55@studentmail.org,High School Diploma,5/3/25
66,ava.miller56@community.org,Clinical Data Coordinator,6/2/29
67,ava.miller56@community.org,Published Project,3/24/22
68,addison.davis57@community.org,Clinical Data Coordinator,7/15/31
69,addison.davis57@community.org,Retail Assistant,6/9/24
70,henry.flores58@community.org,Mentorship Program,5/4/24
71,henry.flores58@community.org,Competition Award,9/1/23
72,penelope.king59@community.org,Camp Counselor,9/4/23
73,penelope.king59@community.org,MFA in Studio Arts,1/2/36
74,paisley.perez60@learners.net,IT Help Desk Trainee,5/30/24
75,paisley.perez60@learners.net,Middle School Diploma,8/29/24
76,hannah.jones61@community.org,Systems Analyst,4/30/28
77,oliver.harris62@ellarises.org,BA in Studio Arts,11/22/24
78,oliver.wright63@studentmail.org,Lifeguard,11/11/25
79,violet.sanchez64@studentmail.org,Middle School Diploma,4/28/23
80,violet.sanchez64@studentmail.org,Competition Award,8/26/23
81,sophia.garcia65@community.org,Internship,10/10/24
82,sophia.garcia65@community.org,BA in Studio Arts,11/23/22
83,claire.wilson66@community.org,Internship,4/5/24
84,eleanor.garcia67@community.org,Competition Award,12/25/22
85,harper.williams68@ellarises.org,Middle School Diploma,10/10/25
86,ella.torres69@studentmail.org,AS in Information Systems,4/2/26
87,ella.hernandez70@learners.net,Studio Assistant,11/30/27
88,james.gonzalez71@ellarises.org,BS in Data Analytics,5/7/33
89,james.gonzalez71@ellarises.org,Published Project,12/16/25
90,mia.thompson72@community.org,Customer Support Rep,4/25/23
91,alexander.miller73@community.org,Mentorship Program,9/20/25
92,michael.moore74@community.org,Middle School Diploma,11/19/22
93,emily.moore75@community.org,MBA,7/18/27
94,emily.moore75@community.org,Mentorship Program,4/17/26
95,penelope.scott77@ellarises.org,AS in Computer Science,12/6/22
96,alexander.scott78@studentmail.org,Middle School Diploma,11/26/25
97,emily.jackson79@studentmail.org,Competition Award,5/19/23
98,emily.jackson79@studentmail.org,Published Project,11/20/23
99,jack.scott80@learners.net,AAS in Drafting & Design,2/21/24
100,sebastian.lopez82@studentmail.org,Web Development Certificate,4/2/32
101,aurora.miller83@studentmail.org,MS in Information Systems,10/12/26
102,sebastian.rodriguez84@learners.net,High School Diploma,8/23/30
103,alexander.miller85@ellarises.org,Competition Award,1/19/26
104,alexander.miller85@ellarises.org,Middle School Diploma,12/8/25
105,alexander.miller85@ellarises.org,MBA,8/23/27
106,victoria.king88@community.org,Product Designer,3/15/32
107,amelia.flores89@ellarises.org,Web Development Certificate,10/24/30
108,amelia.flores89@ellarises.org,Lab Assistant,10/24/29
109,amelia.flores89@ellarises.org,Middle School Diploma,10/24/25
110,lillian.lopez90@ellarises.org,Mentorship Program,10/31/25
111,savannah.williams91@studentmail.org,Middle School Diploma,10/31/23
112,lucy.nguyen92@studentmail.org,Data Analyst,7/11/33
113,aria.jones93@ellarises.org,Mentorship Program,3/15/23
114,brooklyn.sanchez94@learners.net,MS in Information Systems,6/4/26
115,brooklyn.sanchez94@learners.net,Published Project,6/18/26
116,william.lee95@learners.net,Published Project,4/29/23
117,mia.lopez96@community.org,Studio Assistant,2/11/23
118,alexander.garcia97@community.org,Competition Award,6/29/24
119,skylar.clark98@community.org,Published Project,3/14/24
120,eleanor.lee99@ellarises.org,High School Diploma,10/1/29
121,theodore.clark100@ellarises.org,Digital Illustration Certificate,1/11/30
122,theodore.clark100@ellarises.org,Camp Counselor,7/12/22
123,grace.moore101@studentmail.org,BS in Computer Science,5/13/23
124,lillian.hernandez102@learners.net,MFA in Studio Arts,1/15/25
125,oliver.walker104@community.org,Internship,8/15/25
126,oliver.walker104@community.org,Junior Art Assistant,4/20/25
127,oliver.walker104@community.org,BS in Data Analytics,8/9/26
128,daniel.rodriguez105@ellarises.org,Mentorship Program,5/22/25
129,daniel.rodriguez105@ellarises.org,Web Development Certificate,5/22/27
130,daniel.rodriguez105@ellarises.org,AAS in Drafting & Design,5/22/27
131,aurora.martin106@community.org,BA in Studio Arts,9/28/25
132,aurora.martin106@community.org,Internship,4/17/22
133,ethan.harris107@community.org,Mentorship Program,6/7/22
134,noah.williams108@learners.net,IT Support Certificate,11/19/30
135,scarlett.young109@ellarises.org,IT Support Certificate,10/26/25
136,elizabeth.king110@community.org,Internship,2/20/23
137,jack.taylor111@learners.net,High School Diploma,2/15/30
138,leah.lee112@community.org,Published Project,7/28/23
139,madison.garcia113@community.org,IT Help Desk Trainee,8/17/23
140,brooklyn.johnson114@ellarises.org,Data Analyst,1/15/27
141,aria.thomas115@community.org,Camp Counselor,9/18/23
142,aria.thomas115@community.org,IT Support Certificate,9/2/29
143,lillian.young116@studentmail.org,Middle School Diploma,4/25/24
144,olivia.robinson117@learners.net,BS in Data Analytics,3/7/31
145,elijah.taylor118@community.org,IT Help Desk Trainee,2/27/25
146,stella.torres119@learners.net,Published Project,1/9/25
147,stella.torres119@learners.net,Internship,12/26/24
148,charlotte.hill120@community.org,Product Designer,11/30/23
149,eleanor.rodriguez121@ellarises.org,Published Project,11/7/25
150,eleanor.rodriguez121@ellarises.org,Competition Award,1/19/26
151,sofia.garcia122@learners.net,Digital Illustration Certificate,3/31/26
152,sofia.garcia122@learners.net,MBA,11/8/25
153,natalie.king123@learners.net,Web Development Certificate,9/29/32
154,natalie.king123@learners.net,AS in Information Systems,9/29/32
155,natalie.king123@learners.net,Middle School Diploma,9/29/27
156,ella.robinson124@ellarises.org,Clinical Data Coordinator,7/2/31
157,james.smith125@learners.net,BS in Information Systems,2/10/31
158,zoe.miller126@studentmail.org,Lab Assistant,9/7/28
159,harper.robinson127@learners.net,IT Support Certificate,4/16/25
160,ella.miller128@studentmail.org,BS in Information Systems,1/14/33
161,ethan.clark129@studentmail.org,Published Project,2/6/24
162,isabella.white130@studentmail.org,Systems Analyst,10/16/22
163,ethan.thompson131@ellarises.org,Internship,7/17/22
164,ethan.thompson131@ellarises.org,Junior QA Tester,3/14/25
165,ethan.thompson131@ellarises.org,Published Project,12/8/23
166,hannah.hill132@ellarises.org,Clinical Data Coordinator,1/23/22
167,grace.jones133@studentmail.org,High School Diploma,5/15/25
168,ava.moore134@studentmail.org,BS in Data Analytics,2/6/25
169,ava.moore134@studentmail.org,Mentorship Program,8/31/25
170,sofia.smith135@learners.net,Published Project,4/28/22
171,sofia.smith135@learners.net,Competition Award,8/3/22
172,sofia.smith135@learners.net,Mentorship Program,3/11/22
173,sofia.clark136@ellarises.org,High School Diploma,7/6/26
174,lucas.allen137@studentmail.org,Camp Counselor,9/11/25
175,lucas.allen137@studentmail.org,High School Diploma,1/14/26
176,lucas.allen137@studentmail.org,Web Development Certificate,4/14/26
177,sophia.brown138@community.org,Competition Award,6/15/25
178,sophia.brown138@community.org,Retail Assistant,7/11/25
179,evelyn.garcia139@learners.net,Published Project,1/12/25
180,claire.harris140@learners.net,High School Diploma,4/5/24
181,ella.scott141@studentmail.org,Data Analyst,8/8/26
182,liam.clark142@ellarises.org,Internship,2/21/25
183,jack.jones143@ellarises.org,Retail Assistant,8/3/23
184,sofia.scott144@ellarises.org,Data Analyst,12/6/26
185,sofia.scott144@ellarises.org,Junior Art Assistant,4/16/23
186,elijah.brown145@learners.net,Published Project,12/28/23
187,victoria.ramirez147@ellarises.org,Retail Assistant,5/18/25
188,victoria.ramirez147@ellarises.org,Published Project,1/29/25
189,sophia.garcia149@studentmail.org,Web Development Certificate,12/6/24
190,claire.torres150@ellarises.org,Lab Assistant,2/12/30
191,claire.torres150@ellarises.org,Lifeguard,5/23/23
192,henry.ramirez151@community.org,Middle School Diploma,12/7/27
193,henry.ramirez151@community.org,Retail Assistant,3/25/22
194,kennedy.ramirez152@ellarises.org,Lifeguard,3/23/22
195,mia.anderson153@community.org,MS in Data Science,4/1/26
196,eleanor.jackson154@learners.net,Data Analyst,9/15/24
197,sebastian.anderson155@learners.net,BS in Computer Science,10/14/27
198,sebastian.anderson155@learners.net,Software Engineer I,11/13/27
199,evelyn.lee156@community.org,Middle School Diploma,3/9/25
200,evelyn.lee156@community.org,Junior Art Assistant,11/25/24
201,evelyn.lee156@community.org,Internship,12/23/24
202,emma.lee157@studentmail.org,Internship,1/17/25
203,addison.ramirez158@community.org,AAS in Drafting & Design,9/23/32
204,skylar.hernandez159@ellarises.org,Middle School Diploma,3/7/23
205,skylar.hernandez159@ellarises.org,Digital Illustration Certificate,6/9/27
206,skylar.hernandez159@ellarises.org,Mentorship Program,11/16/24
207,kennedy.martinez160@studentmail.org,IT Help Desk Trainee,12/27/22
208,kennedy.martinez160@studentmail.org,Apprentice Technician,7/13/22
209,evelyn.lopez161@community.org,Competition Award,2/9/24
210,evelyn.lopez161@community.org,High School Diploma,4/11/30
211,claire.lee162@studentmail.org,Competition Award,1/21/25
212,claire.lee162@studentmail.org,Customer Support Rep,2/28/29
213,amelia.thompson163@ellarises.org,Lifeguard,10/2/25
214,evelyn.garcia164@community.org,Middle School Diploma,10/29/25
215,zoey.lee165@community.org,High School Diploma,3/21/26
216,abigail.allen166@studentmail.org,Middle School Diploma,5/8/25
217,abigail.allen166@studentmail.org,MS in Information Systems,11/9/29
218,lily.white167@learners.net,Internship,4/20/24
219,skylar.jones168@learners.net,Published Project,6/24/22
220,skylar.jones168@learners.net,Internship,7/1/22
221,skylar.jones168@learners.net,High School Diploma,12/4/22
222,scarlett.perez169@ellarises.org,Internship,7/28/24
223,scarlett.perez169@ellarises.org,High School Diploma,9/18/29
224,mason.garcia171@community.org,High School Diploma,10/1/24
225,mason.garcia171@community.org,Mentorship Program,8/21/24
226,violet.young172@studentmail.org,Systems Analyst,8/20/25
227,mateo.wright173@ellarises.org,Mentorship Program,6/1/24
228,mateo.wright173@ellarises.org,Published Project,4/14/24
229,lily.lopez174@studentmail.org,Competition Award,6/28/24
230,zoey.white176@community.org,MBA,4/12/31
231,lily.gonzalez177@studentmail.org,BS in Data Analytics,4/29/26
232,michael.davis178@learners.net,Web Development Certificate,1/29/26
233,michael.davis178@learners.net,Customer Support Rep,1/29/25
234,aria.ramirez179@ellarises.org,Middle School Diploma,5/11/25
235,james.allen180@learners.net,Middle School Diploma,11/11/23
236,james.allen180@learners.net,Mentorship Program,8/14/23
237,james.allen180@learners.net,BS in Mechanical Engineering,11/18/23
238,elizabeth.perez181@studentmail.org,Internship,3/21/23
239,mason.ramirez183@ellarises.org,Middle School Diploma,1/31/25
240,benjamin.jones184@ellarises.org,AA in Art & Design,3/4/30
241,lillian.martinez185@learners.net,Competition Award,12/31/23
242,riley.garcia186@learners.net,Camp Counselor,3/7/24
243,riley.garcia186@learners.net,High School Diploma,5/19/26
244,emma.harris187@community.org,Middle School Diploma,6/26/24
245,stella.jones188@learners.net,Internship,3/16/25
246,stella.jones188@learners.net,AS in Information Systems,1/19/29
247,camila.williams189@learners.net,Internship,1/12/24
248,levi.lopez190@studentmail.org,Published Project,8/29/23
249,levi.lopez190@studentmail.org,Internship,12/11/23
250,mia.gonzalez191@ellarises.org,High School Diploma,4/2/25
251,jack.taylor192@ellarises.org,Studio Assistant,9/15/29
252,jackson.white194@learners.net,Middle School Diploma,8/26/25
253,ethan.jackson195@learners.net,Internship,12/8/23
254,ethan.jackson195@learners.net,Studio Assistant,6/10/23
255,amelia.jones197@community.org,High School Diploma,12/19/23
256,henry.williams198@studentmail.org,Internship,11/1/22
257,isabella.hill199@studentmail.org,Mentorship Program,9/7/24
258,camila.king200@learners.net,Product Designer,4/12/26
259,riley.young201@community.org,Data Analyst,10/16/34
260,henry.garcia203@learners.net,BS in Data Analytics,11/5/24
261,henry.garcia203@learners.net,Software Engineer I,2/19/25
262,lily.lopez204@learners.net,MBA,3/30/23
263,sophia.white205@learners.net,Published Project,7/30/25
264,harper.martin206@community.org,IT Support Certificate,11/23/28
265,harper.martin206@community.org,Retail Assistant,3/21/23
266,aaliyah.jones207@community.org,High School Diploma,12/16/25
267,riley.rodriguez208@community.org,Clinical Data Coordinator,8/15/30
268,riley.rodriguez208@community.org,Internship,12/13/23
269,penelope.rodriguez210@learners.net,Data Analytics Certificate,4/11/29
270,chloe.flores211@learners.net,AS in Information Systems,12/25/23
271,chloe.flores211@learners.net,IT Support Certificate,12/6/23
272,lucy.wilson212@community.org,Internship,1/8/23
273,levi.thomas213@community.org,Systems Analyst,9/17/23
274,levi.robinson214@studentmail.org,High School Diploma,2/10/31
275,kennedy.sanchez215@studentmail.org,Competition Award,8/7/26
276,avery.moore216@community.org,Mentorship Program,2/7/26
277,avery.moore216@community.org,Systems Analyst,7/5/25
278,avery.moore216@community.org,High School Diploma,10/18/22
279,oliver.thomas217@studentmail.org,Middle School Diploma,5/19/24
280,oliver.thomas217@studentmail.org,MS in Data Science,4/5/24
281,mateo.robinson219@studentmail.org,Published Project,8/11/22
282,mateo.robinson219@studentmail.org,Middle School Diploma,4/17/22
283,jack.jackson220@ellarises.org,Published Project,1/25/26
284,natalie.williams221@community.org,Middle School Diploma,4/14/25
285,natalie.williams221@community.org,MBA,2/17/28
286,evelyn.harris222@community.org,Junior QA Tester,10/29/25
287,zoe.perez223@learners.net,AS in Information Systems,12/20/25
288,zoe.perez223@learners.net,Published Project,10/25/25
289,mia.williams224@studentmail.org,BS in Information Systems,4/1/28
290,mia.williams224@studentmail.org,AS in Information Systems,4/1/26
291,daniel.rodriguez225@learners.net,Digital Illustration Certificate,4/26/29
292,daniel.wright226@community.org,Junior QA Tester,7/25/24
293,daniel.wright226@community.org,Junior Art Assistant,1/18/25
294,oliver.nguyen227@learners.net,BS in Data Analytics,9/14/32
295,oliver.nguyen227@learners.net,Middle School Diploma,9/14/25
296,madison.brown228@community.org,Digital Illustration Certificate,1/21/24
297,madison.brown228@community.org,Internship,10/15/23
298,addison.williams229@ellarises.org,Junior Art Assistant,1/2/23
299,grace.clark230@community.org,AS in Computer Science,11/23/24
300,levi.king231@community.org,Mentorship Program,11/1/22
301,levi.king231@community.org,Competition Award,5/31/22
302,stella.taylor232@community.org,High School Diploma,7/8/27
303,brooklyn.jackson233@studentmail.org,Retail Assistant,7/20/25
304,penelope.jackson234@ellarises.org,AS in Computer Science,9/6/23
305,penelope.jackson234@ellarises.org,Internship,10/6/23
306,aurora.garcia235@learners.net,Middle School Diploma,7/9/25
307,aurora.garcia235@learners.net,High School Diploma,7/9/26
308,paisley.scott236@learners.net,Published Project,10/4/23
309,mason.anderson237@studentmail.org,Competition Award,11/13/23
310,camila.smith238@studentmail.org,MFA in Studio Arts,8/4/34
311,claire.jackson239@ellarises.org,Lifeguard,5/31/25
312,isabella.lopez240@community.org,IT Help Desk Trainee,12/9/23
313,isabella.lopez240@community.org,Published Project,9/15/23
314,savannah.williams241@ellarises.org,Middle School Diploma,12/16/23
315,skylar.hernandez243@community.org,Web Development Certificate,7/10/32
316,zoey.lopez244@community.org,Competition Award,1/16/25
317,riley.rodriguez245@community.org,MBA,11/7/25
318,lucas.moore246@learners.net,Retail Assistant,9/12/25
319,lillian.brown247@ellarises.org,High School Diploma,5/22/30
320,bella.davis248@learners.net,Internship,7/17/22
321,bella.davis248@learners.net,Competition Award,1/10/24
322,hannah.thomas250@ellarises.org,Competition Award,7/1/22
323,ella.brown251@studentmail.org,IT Support Certificate,11/29/25
324,ella.brown251@studentmail.org,AS in Computer Science,11/29/25
325,ella.brown251@studentmail.org,Camp Counselor,11/2/24
326,grace.nguyen252@community.org,Competition Award,12/10/24
327,grace.nguyen252@community.org,Mentorship Program,9/20/24
328,daniel.clark253@community.org,Internship,7/9/25
329,eleanor.smith254@studentmail.org,Lab Assistant,9/16/30
330,amelia.jones255@community.org,Lab Assistant,2/28/25
331,oliver.white256@community.org,Web Development Certificate,9/22/22
332,ethan.rodriguez257@learners.net,MS in Information Systems,11/11/31
333,victoria.smith258@ellarises.org,Software Engineer I,7/7/28
334,madison.thomas259@community.org,Systems Analyst,4/6/35
335,madison.thomas259@community.org,Web Development Certificate,4/6/32
336,isabella.clark260@ellarises.org,Middle School Diploma,4/28/24
337,charlotte.thomas261@ellarises.org,Web Development Certificate,7/24/23
338,camila.allen262@learners.net,Competition Award,8/20/23
339,claire.thomas263@learners.net,Mentorship Program,5/10/22
340,amelia.scott264@studentmail.org,Middle School Diploma,6/13/22
341,leah.king265@learners.net,Published Project,4/16/24
342,leah.king265@learners.net,Competition Award,6/11/22
343,jack.thomas266@studentmail.org,Middle School Diploma,1/28/25
344,noah.clark267@studentmail.org,BS in Information Systems,10/24/25
345,lucas.white268@ellarises.org,MS in Information Systems,2/9/35
346,lucas.white268@ellarises.org,Published Project,5/20/24
347,mia.jones269@studentmail.org,Mentorship Program,3/20/26
348,mia.jones269@studentmail.org,MFA in Studio Arts,10/19/26
349,mia.jones269@studentmail.org,Middle School Diploma,3/11/24
350,hannah.gonzalez270@ellarises.org,Internship,7/22/24
351,hannah.gonzalez270@ellarises.org,Competition Award,8/22/24
352,claire.jackson271@community.org,MS in Information Systems,12/1/26
353,claire.jackson271@community.org,Published Project,12/13/25
354,zoe.lee273@community.org,MS in Data Science,10/5/22
355,oliver.jackson274@studentmail.org,Middle School Diploma,9/16/24
356,jackson.scott275@learners.net,High School Diploma,12/15/25
357,stella.hernandez276@studentmail.org,AA in Art & Design,10/2/27
358,charlotte.smith277@community.org,Middle School Diploma,4/5/22
359,charlotte.smith277@community.org,Web Development Certificate,8/15/22
360,charlotte.smith277@community.org,Software Engineer I,10/4/22
361,olivia.wilson278@community.org,Published Project,12/23/25
362,ava.wright279@community.org,Camp Counselor,7/4/22
363,mateo.ramirez280@studentmail.org,Digital Illustration Certificate,7/8/22
364,mason.taylor281@learners.net,IT Help Desk Trainee,8/15/24
365,mason.taylor281@learners.net,Competition Award,11/1/24
366,addison.anderson282@learners.net,Camp Counselor,9/9/25
367,leah.scott283@community.org,MS in Information Systems,6/2/23
368,leah.scott283@community.org,Software Engineer I,7/2/23
369,skylar.torres284@ellarises.org,Web Development Certificate,1/8/25
370,jack.moore285@ellarises.org,Customer Support Rep,8/22/27
371,layla.lee286@ellarises.org,AS in Computer Science,4/14/25
372,lillian.torres287@community.org,Camp Counselor,12/28/22
373,james.lee289@ellarises.org,AAS in Drafting & Design,9/22/23
374,leah.ramirez290@studentmail.org,Junior QA Tester,7/4/26
375,abigail.moore291@studentmail.org,Apprentice Technician,8/4/31
376,abigail.moore291@studentmail.org,BA in Studio Arts,8/4/34
377,natalie.miller292@ellarises.org,Published Project,4/22/23
378,abigail.scott295@studentmail.org,High School Diploma,2/7/26
379,abigail.scott295@studentmail.org,Data Analytics Certificate,5/8/26
380,brooklyn.moore296@community.org,Competition Award,7/30/25
381,benjamin.miller298@studentmail.org,Camp Counselor,12/18/24
382,henry.perez299@community.org,MBA,9/29/30
383,james.lee300@learners.net,MBA,4/23/27
384,sophia.robinson302@studentmail.org,MFA in Studio Arts,3/6/29
385,camila.martin303@studentmail.org,AS in Computer Science,7/6/25
386,levi.nguyen304@community.org,Customer Support Rep,3/12/27
387,levi.nguyen304@community.org,Mentorship Program,7/30/25
388,levi.nguyen304@community.org,IT Support Certificate,3/12/28
389,sebastian.hill305@ellarises.org,Published Project,7/27/25
390,sebastian.hill305@ellarises.org,Middle School Diploma,8/18/25
391,mia.torres306@community.org,Web Development Certificate,6/12/25
392,mia.torres306@community.org,AA in Art & Design,7/8/25
393,mia.torres306@community.org,Mentorship Program,7/19/23
394,victoria.allen307@studentmail.org,Mentorship Program,8/19/24
395,mateo.martinez308@learners.net,Published Project,9/27/25
396,ella.martinez309@learners.net,Competition Award,3/24/25
397,jack.miller310@community.org,Published Project,4/13/24
398,jack.miller310@community.org,Mentorship Program,1/13/25
399,ella.johnson311@learners.net,Clinical Data Coordinator,7/29/30
400,lily.perez312@community.org,Apprentice Technician,9/6/23
401,lily.perez312@community.org,Competition Award,2/16/23
402,lily.perez312@community.org,MS in Information Systems,3/9/24
403,william.sanchez313@ellarises.org,Retail Assistant,7/9/23
404,william.sanchez313@ellarises.org,AA in Art & Design,9/21/24
405,hannah.wilson314@learners.net,IT Help Desk Trainee,8/9/22
406,hannah.wilson314@learners.net,Systems Analyst,3/12/23
407,nora.robinson315@ellarises.org,Software Engineer I,5/2/33
408,hazel.flores316@community.org,Internship,5/10/25
409,brooklyn.flores317@ellarises.org,Published Project,3/19/23
410,zoe.martinez318@community.org,Mentorship Program,8/21/25
411,zoe.martinez318@community.org,AAS in Drafting & Design,10/26/25
412,sebastian.lopez319@studentmail.org,BS in Computer Science,1/22/26
413,charlotte.thompson320@ellarises.org,Internship,8/15/25
414,jackson.clark321@community.org,Web Development Certificate,1/16/25
415,jackson.clark321@community.org,BS in Computer Science,8/19/24
416,jackson.clark321@community.org,Systems Analyst,9/18/24
417,sophia.anderson322@learners.net,Middle School Diploma,3/20/22
418,jackson.scott323@ellarises.org,Data Analyst,3/25/27
419,henry.wright324@studentmail.org,AAS in Drafting & Design,6/21/25
420,lucas.taylor325@learners.net,Competition Award,7/6/22
421,lucas.taylor325@learners.net,Mentorship Program,1/20/25
422,kennedy.flores326@community.org,Middle School Diploma,7/10/23
423,kennedy.wright327@learners.net,High School Diploma,8/27/22
424,daniel.miller328@studentmail.org,Studio Assistant,9/17/29
425,sofia.thomas329@studentmail.org,Middle School Diploma,1/5/25
426,paisley.clark330@community.org,Web Development Certificate,1/14/25
427,penelope.white331@community.org,Middle School Diploma,6/8/27
428,penelope.white331@community.org,Digital Illustration Certificate,6/8/32
429,benjamin.thompson332@ellarises.org,High School Diploma,2/4/26
430,benjamin.johnson334@ellarises.org,AS in Computer Science,8/6/25
431,sofia.martin335@studentmail.org,Data Analyst,10/29/25
432,chloe.brown336@community.org,MBA,8/18/29
433,elizabeth.smith337@studentmail.org,Internship,1/15/22
434,olivia.smith338@learners.net,Lifeguard,9/28/25
435,hazel.garcia339@ellarises.org,AS in Computer Science,6/2/23
436,aria.jones340@ellarises.org,High School Diploma,2/2/29
437,noah.flores341@community.org,BS in Data Analytics,11/17/34
438,hazel.thompson342@community.org,Middle School Diploma,1/9/23
439,hazel.thompson342@community.org,Apprentice Technician,2/5/23
440,addison.scott343@learners.net,MBA,8/11/24
441,daniel.gonzalez344@community.org,Data Analyst,2/6/30
442,daniel.gonzalez344@community.org,Customer Support Rep,2/6/26
443,lillian.young345@ellarises.org,Internship,9/29/23
444,lillian.young345@ellarises.org,Middle School Diploma,9/25/23
445,oliver.white346@studentmail.org,Digital Illustration Certificate,8/10/22
446,oliver.white346@studentmail.org,BA in Studio Arts,5/19/22
447,olivia.taylor347@studentmail.org,MS in Data Science,5/13/31
448,mateo.clark348@community.org,Clinical Data Coordinator,1/22/31
449,penelope.garcia349@learners.net,Published Project,6/28/24
450,harper.martin350@community.org,Published Project,2/23/24
451,harper.martin350@community.org,Retail Assistant,9/26/23
452,amelia.martin351@studentmail.org,AS in Information Systems,9/25/31
453,jackson.thompson352@learners.net,BS in Information Systems,6/10/34
454,sophia.perez353@community.org,Mentorship Program,6/28/25
455,evelyn.young354@community.org,Internship,7/14/25
456,lily.taylor355@ellarises.org,Middle School Diploma,12/30/25
457,addison.williams356@community.org,AA in Art & Design,11/15/22
458,oliver.anderson357@learners.net,BS in Information Systems,9/21/25
459,zoe.davis358@ellarises.org,Web Development Certificate,1/13/25
460,aurora.martin359@learners.net,Published Project,4/13/25
461,brooklyn.flores360@studentmail.org,Junior QA Tester,9/24/23
462,olivia.perez362@ellarises.org,High School Diploma,3/26/22
463,olivia.perez362@ellarises.org,Camp Counselor,1/25/22
464,lillian.clark363@community.org,Camp Counselor,8/3/23
465,lillian.clark363@community.org,AS in Information Systems,6/20/23
466,michael.clark364@learners.net,Systems Analyst,1/10/32
467,camila.sanchez365@ellarises.org,Published Project,6/19/23
468,aaliyah.sanchez366@learners.net,Internship,6/2/25
469,mila.martinez367@ellarises.org,Competition Award,4/14/25
470,mila.martinez367@ellarises.org,Customer Support Rep,8/13/25
471,stella.wilson368@community.org,AAS in Drafting & Design,10/27/25
472,brooklyn.hill369@ellarises.org,BS in Data Analytics,3/20/26
473,stella.sanchez370@ellarises.org,BA in Studio Arts,1/26/27
474,stella.sanchez370@ellarises.org,Competition Award,8/7/23
475,stella.sanchez370@ellarises.org,Published Project,10/5/25
476,stella.sanchez370@ellarises.org,Digital Illustration Certificate,1/26/25
477,addison.miller371@community.org,Junior Art Assistant,2/17/22
478,addison.miller371@community.org,AA in Art & Design,11/13/23
479,evelyn.johnson373@ellarises.org,BS in Computer Science,11/29/22
480,avery.williams374@community.org,IT Help Desk Trainee,1/28/26
481,sophia.harris375@community.org,IT Support Certificate,10/24/24
482,sophia.harris375@community.org,MS in Information Systems,3/2/26
483,scarlett.williams376@studentmail.org,BS in Mechanical Engineering,10/15/24
484,hazel.rodriguez377@community.org,MS in Information Systems,2/24/34
485,hazel.rodriguez377@community.org,Data Analytics Certificate,2/24/30
486,emma.harris378@learners.net,Lifeguard,12/22/24
487,hazel.moore379@studentmail.org,Product Designer,10/25/22
488,amelia.walker380@learners.net,Software Engineer I,7/24/24
489,amelia.walker380@learners.net,IT Help Desk Trainee,6/22/23
490,paisley.wright381@ellarises.org,Competition Award,1/7/24
491,aaliyah.thompson382@ellarises.org,Mentorship Program,10/10/23
492,aaliyah.thompson382@ellarises.org,Middle School Diploma,8/18/23
493,ethan.martin383@studentmail.org,IT Support Certificate,10/27/22
494,ethan.martin383@studentmail.org,Mentorship Program,7/24/22
495,emma.king384@community.org,Internship,8/15/25
496,layla.lee385@ellarises.org,Internship,8/21/23
497,natalie.jones386@learners.net,Internship,3/13/22
498,lily.ramirez387@community.org,Internship,9/7/22
499,layla.harris388@learners.net,Apprentice Technician,9/29/30
500,isabella.lopez389@learners.net,MBA,2/16/31
501,isabella.lopez389@learners.net,Internship,10/27/24
502,evelyn.thomas390@learners.net,Internship,12/29/24
503,evelyn.thomas390@learners.net,Published Project,4/21/25
504,skylar.lewis391@ellarises.org,High School Diploma,10/20/24
505,ava.brown392@community.org,Customer Support Rep,9/13/24
506,ava.brown392@community.org,BA in Studio Arts,4/15/27
507,kennedy.wright393@community.org,Digital Illustration Certificate,11/6/24
508,isabella.jackson394@ellarises.org,Published Project,6/21/26
509,lily.jones395@ellarises.org,IT Support Certificate,10/20/31
510,lily.jones395@ellarises.org,Internship,10/10/23
511,chloe.hill396@community.org,Studio Assistant,12/25/25
512,ethan.taylor397@learners.net,High School Diploma,10/24/23
513,levi.gonzalez399@ellarises.org,AS in Information Systems,12/6/23
514,bella.sanchez400@community.org,Clinical Data Coordinator,9/15/25
515,hazel.lopez401@learners.net,BA in Studio Arts,6/25/22
516,theodore.taylor402@studentmail.org,Competition Award,3/11/22
517,elizabeth.garcia403@learners.net,MS in Data Science,6/2/32
518,elizabeth.garcia403@learners.net,AA in Art & Design,6/2/28
519,michael.clark404@community.org,Competition Award,6/21/22
520,isabella.allen405@studentmail.org,Competition Award,6/6/26
521,zoey.rodriguez406@ellarises.org,Camp Counselor,10/14/25
522,aria.hill407@learners.net,Lifeguard,3/4/22
523,james.scott408@learners.net,BS in Mechanical Engineering,9/16/33
524,james.scott408@learners.net,Internship,6/25/25
525,james.scott408@learners.net,High School Diploma,9/16/30
526,michael.clark409@ellarises.org,Mentorship Program,7/26/24
527,aurora.wright410@learners.net,High School Diploma,10/31/27
528,isabella.lopez411@learners.net,Mentorship Program,9/3/23
529,bella.moore413@community.org,Competition Award,7/11/24
530,bella.moore413@community.org,AAS in Drafting & Design,3/20/24
531,claire.moore414@community.org,Middle School Diploma,10/7/24
532,michael.white415@ellarises.org,High School Diploma,8/17/24
533,liam.rodriguez416@ellarises.org,MS in Data Science,8/6/25
534,sophia.thomas418@learners.net,AS in Computer Science,8/23/26
535,kennedy.thompson419@studentmail.org,Internship,2/23/24
536,charlotte.hernandez420@studentmail.org,Middle School Diploma,2/8/23
537,daniel.johnson421@ellarises.org,Web Development Certificate,6/26/29
538,victoria.taylor422@learners.net,Web Development Certificate,4/18/26
539,victoria.taylor422@learners.net,Retail Assistant,11/10/25
540,aurora.martin424@ellarises.org,Junior Art Assistant,7/6/22
541,lucy.martin425@studentmail.org,BS in Data Analytics,2/22/24
542,liam.lee426@studentmail.org,IT Support Certificate,4/17/23
543,liam.harris427@ellarises.org,Software Engineer I,5/24/34
544,jack.thompson428@learners.net,AS in Information Systems,8/23/25
545,jack.thompson428@learners.net,Data Analytics Certificate,10/24/24
546,jack.thompson428@learners.net,Published Project,2/5/25
547,jack.thompson428@learners.net,Lifeguard,10/11/25
548,sofia.taylor429@studentmail.org,AA in Art & Design,1/17/25
549,sofia.taylor429@studentmail.org,Published Project,9/15/24
550,bella.clark430@learners.net,BA in Studio Arts,5/27/28
551,jack.brown431@ellarises.org,Junior QA Tester,8/27/24
552,leah.king432@learners.net,Systems Analyst,8/15/25
553,leah.king432@learners.net,MS in Data Science,7/16/25
554,benjamin.martinez433@learners.net,IT Support Certificate,11/8/25
555,aaliyah.brown434@ellarises.org,BS in Mechanical Engineering,12/4/30
556,alexander.garcia435@studentmail.org,AA in Art & Design,8/16/25
557,ava.williams436@studentmail.org,AA in Art & Design,12/23/32
558,zoey.johnson437@ellarises.org,Middle School Diploma,6/7/25
559,hazel.allen438@learners.net,BS in Mechanical Engineering,7/10/24
560,michael.hill439@learners.net,High School Diploma,6/30/25
561,stella.gonzalez440@studentmail.org,Product Designer,4/23/35
562,eleanor.wright442@ellarises.org,Published Project,11/29/22
563,olivia.martin444@community.org,AA in Art & Design,12/20/29
564,camila.clark445@ellarises.org,AA in Art & Design,6/26/22
565,jackson.gonzalez446@studentmail.org,Internship,4/8/23
566,jackson.gonzalez446@studentmail.org,Retail Assistant,11/12/22
567,savannah.hernandez447@ellarises.org,Lab Assistant,5/13/25
568,olivia.garcia448@ellarises.org,Competition Award,12/21/23
569,elizabeth.taylor449@studentmail.org,IT Help Desk Trainee,1/31/25
570,elizabeth.taylor449@studentmail.org,Internship,4/13/25
571,olivia.rodriguez451@studentmail.org,Published Project,2/6/25
572,violet.lopez452@ellarises.org,Studio Assistant,8/26/23
573,oliver.hernandez453@ellarises.org,MS in Data Science,6/13/26
574,oliver.hernandez453@ellarises.org,Published Project,5/12/26
575,levi.torres454@community.org,IT Support Certificate,9/18/29
576,sofia.walker455@community.org,Systems Analyst,12/10/23
577,addison.walker457@learners.net,High School Diploma,6/29/25
578,mateo.walker458@community.org,High School Diploma,7/29/24
579,penelope.brown459@studentmail.org,AS in Computer Science,4/18/26
580,lucas.garcia460@community.org,High School Diploma,9/18/31
581,mila.sanchez461@community.org,Competition Award,10/9/24
582,brooklyn.allen462@studentmail.org,Competition Award,11/1/25
583,brooklyn.allen462@studentmail.org,Mentorship Program,5/9/26
584,benjamin.perez463@community.org,Mentorship Program,9/18/25
585,victoria.smith464@learners.net,Mentorship Program,7/21/25
586,mila.williams465@studentmail.org,Middle School Diploma,11/28/24
587,nora.gonzalez466@ellarises.org,MFA in Studio Arts,1/28/36
588,oliver.williams467@ellarises.org,Mentorship Program,10/21/22
589,oliver.williams467@ellarises.org,Internship,3/27/22
590,mason.brown468@community.org,BS in Mechanical Engineering,7/8/33
591,sofia.miller469@community.org,High School Diploma,8/29/28
592,addison.moore470@community.org,Competition Award,11/12/23
593,daniel.martin471@learners.net,High School Diploma,5/26/30
594,sofia.lopez472@learners.net,AAS in Drafting & Design,1/27/29
595,sofia.lopez472@learners.net,Internship,1/6/26
596,oliver.wright473@learners.net,Lab Assistant,4/7/25
597,aria.brown474@ellarises.org,Lab Assistant,8/31/22
598,aria.brown475@learners.net,Retail Assistant,11/22/24
599,mila.flores476@studentmail.org,Middle School Diploma,7/17/26
600,leah.harris477@community.org,Internship,8/15/23
601,leah.harris477@community.org,MS in Data Science,3/6/23
602,nora.flores478@community.org,Published Project,2/20/26
603,nora.flores478@community.org,Data Analytics Certificate,12/8/32
604,nora.gonzalez479@learners.net,MBA,7/1/25
605,daniel.davis480@community.org,Middle School Diploma,12/3/23
606,daniel.davis480@community.org,Retail Assistant,11/26/22
607,eleanor.smith481@learners.net,Data Analytics Certificate,6/7/25
608,eleanor.smith481@learners.net,MS in Information Systems,2/2/25
609,charlotte.flores482@learners.net,Mentorship Program,9/26/23
610,charlotte.flores482@learners.net,Digital Illustration Certificate,7/13/23
611,aaliyah.king483@studentmail.org,Middle School Diploma,9/6/25
612,sebastian.sanchez484@ellarises.org,Internship,7/13/24
613,hannah.flores485@community.org,MS in Information Systems,12/30/29
614,hannah.flores485@community.org,Mentorship Program,12/19/24
615,addison.williams486@learners.net,AAS in Drafting & Design,6/11/22
616,aurora.johnson487@learners.net,BA in Studio Arts,12/1/28
617,aurora.johnson487@learners.net,Junior QA Tester,12/1/25
618,zoey.lee488@ellarises.org,Camp Counselor,3/28/25
619,zoey.lee488@ellarises.org,AS in Computer Science,12/17/27
620,harper.wilson489@studentmail.org,Data Analytics Certificate,1/23/28
621,william.jones490@studentmail.org,Published Project,8/29/25
622,william.jones490@studentmail.org,Clinical Data Coordinator,3/11/26
623,liam.ramirez492@learners.net,Middle School Diploma,2/14/23
624,harper.nguyen493@ellarises.org,Camp Counselor,1/3/23
625,brooklyn.hill494@ellarises.org,High School Diploma,8/10/24
626,brooklyn.hill494@ellarises.org,MS in Data Science,11/11/28
627,sophia.walker495@studentmail.org,High School Diploma,3/29/27
628,aria.martin496@learners.net,High School Diploma,9/16/22
629,aria.martin496@learners.net,Clinical Data Coordinator,3/8/22
630,james.wright497@ellarises.org,High School Diploma,7/14/25
631,james.wright497@ellarises.org,Retail Assistant,5/15/25
632,daniel.martinez498@studentmail.org,Mentorship Program,11/9/25
633,charlotte.scott499@community.org,Competition Award,3/11/26
634,alexander.perez500@learners.net,BS in Mechanical Engineering,11/20/22
635,alexander.perez500@learners.net,Published Project,8/16/22
636,harper.gonzalez501@learners.net,High School Diploma,7/21/30
637,natalie.lee502@community.org,Internship,8/29/23
638,william.moore503@learners.net,Middle School Diploma,5/18/22
639,william.moore503@learners.net,AA in Art & Design,10/6/26
640,stella.martin504@community.org,High School Diploma,10/22/24
641,sebastian.gonzalez505@learners.net,MFA in Studio Arts,5/17/31
642,liam.nguyen506@studentmail.org,Software Engineer I,2/8/31
643,daniel.garcia508@community.org,Mentorship Program,2/15/22
644,daniel.rodriguez509@community.org,Retail Assistant,7/27/23
645,daniel.rodriguez509@community.org,BS in Computer Science,7/4/34
646,stella.williams510@studentmail.org,Middle School Diploma,9/17/23
647,grace.king511@learners.net,Middle School Diploma,7/14/25
648,mila.king512@learners.net,Published Project,6/28/23
649,natalie.nguyen513@ellarises.org,Software Engineer I,8/1/30
650,natalie.nguyen513@ellarises.org,Studio Assistant,8/1/26
651,kennedy.young514@community.org,Systems Analyst,8/5/25
652,daniel.moore515@studentmail.org,Mentorship Program,4/26/23
653,madison.clark516@learners.net,BA in Studio Arts,9/29/28
654,lily.clark517@ellarises.org,Published Project,8/7/25
655,mia.torres518@studentmail.org,Web Development Certificate,8/3/27
656,emma.jackson519@ellarises.org,Competition Award,8/8/24
657,noah.hill520@studentmail.org,Middle School Diploma,1/19/24
658,violet.robinson521@ellarises.org,Middle School Diploma,2/14/25
659,isabella.wright523@ellarises.org,BS in Information Systems,7/15/31
660,william.king524@community.org,High School Diploma,4/4/25
661,leah.thompson525@ellarises.org,IT Support Certificate,7/22/25
662,aurora.hill526@community.org,Internship,12/27/22
663,elijah.nguyen528@learners.net,Junior Art Assistant,12/14/24
664,elijah.nguyen528@learners.net,Internship,12/15/24
665,elijah.nguyen528@learners.net,IT Support Certificate,8/31/28
666,penelope.sanchez529@studentmail.org,Mentorship Program,6/30/22
667,penelope.sanchez529@studentmail.org,BS in Information Systems,8/8/22
668,levi.taylor530@learners.net,Studio Assistant,7/3/31
669,avery.anderson531@community.org,Digital Illustration Certificate,12/26/24
670,avery.anderson531@community.org,High School Diploma,12/26/23
671,charlotte.hernandez532@community.org,Published Project,10/22/24
672,william.garcia533@ellarises.org,MS in Information Systems,8/30/33
673,hazel.sanchez534@learners.net,Middle School Diploma,5/12/25
674,olivia.gonzalez535@learners.net,Competition Award,6/10/25
675,chloe.williams536@learners.net,Apprentice Technician,8/17/24
676,chloe.williams536@learners.net,BS in Mechanical Engineering,9/18/23
677,kennedy.thompson538@learners.net,Internship,4/20/25
678,lucy.lopez539@community.org,Junior QA Tester,4/14/26
679,ella.allen540@learners.net,Junior Art Assistant,11/17/23
680,violet.robinson541@community.org,Apprentice Technician,9/17/22
681,jack.lee544@learners.net,MS in Information Systems,2/6/24
682,zoey.young545@studentmail.org,Published Project,12/14/21
683,addison.flores546@learners.net,BS in Information Systems,9/16/24
684,jackson.flores547@ellarises.org,Competition Award,4/8/24
685,penelope.young548@studentmail.org,Middle School Diploma,10/29/27
686,charlotte.king549@community.org,High School Diploma,4/9/26
687,layla.robinson550@ellarises.org,AAS in Drafting & Design,12/5/25
688,leah.nguyen551@ellarises.org,Internship,12/23/24
689,lillian.moore552@community.org,Retail Assistant,6/9/24
690,zoe.white553@community.org,Middle School Diploma,12/1/23
691,elizabeth.moore554@studentmail.org,High School Diploma,7/28/23
692,scarlett.walker555@ellarises.org,High School Diploma,2/23/29
693,scarlett.walker555@ellarises.org,AAS in Drafting & Design,2/23/30
694,aaliyah.young556@learners.net,MFA in Studio Arts,12/8/28
695,lily.brown557@studentmail.org,Data Analyst,2/3/29
696,lucy.white558@learners.net,IT Help Desk Trainee,6/1/23
697,nora.torres559@studentmail.org,Lab Assistant,12/7/25
698,nora.torres559@studentmail.org,Data Analytics Certificate,12/7/26
699,lucas.garcia560@community.org,Mentorship Program,4/5/26
700,oliver.flores561@community.org,Published Project,1/25/23
701,savannah.moore562@community.org,High School Diploma,10/10/31
702,lucas.clark563@studentmail.org,Competition Award,4/15/23
703,eleanor.garcia564@studentmail.org,Middle School Diploma,7/29/23
704,eleanor.garcia564@studentmail.org,Internship,7/4/23
705,charlotte.johnson565@community.org,High School Diploma,5/7/25
706,abigail.harris566@learners.net,Published Project,7/16/22
707,abigail.harris566@learners.net,Lab Assistant,12/10/24
708,sofia.king567@studentmail.org,Digital Illustration Certificate,10/26/25
709,theodore.wright568@learners.net,Internship,7/16/24
710,theodore.wright568@learners.net,Retail Assistant,2/24/24
711,benjamin.torres569@community.org,High School Diploma,12/8/23
712,levi.wright570@studentmail.org,MS in Information Systems,3/31/29
713,brooklyn.smith571@ellarises.org,Digital Illustration Certificate,7/5/25
714,sebastian.smith572@community.org,Junior Art Assistant,8/5/23
715,ava.scott573@learners.net,Retail Assistant,9/17/22
716,ava.scott573@learners.net,Published Project,7/27/22
717,hazel.harris574@studentmail.org,Web Development Certificate,8/3/27
718,paisley.jackson575@learners.net,Apprentice Technician,7/25/23
719,benjamin.flores576@community.org,Retail Assistant,5/20/25
720,scarlett.brown577@ellarises.org,Digital Illustration Certificate,7/24/22
721,henry.smith578@studentmail.org,Middle School Diploma,4/15/25
722,bella.young579@learners.net,High School Diploma,7/5/22
723,bella.young579@learners.net,Lifeguard,5/2/22
724,bella.young579@learners.net,Apprentice Technician,9/1/22
725,amelia.moore580@community.org,Internship,7/11/24
726,amelia.moore580@community.org,BS in Mechanical Engineering,5/6/24
727,leah.smith581@ellarises.org,BS in Information Systems,1/16/26
728,nora.robinson582@ellarises.org,Data Analyst,9/23/27
729,claire.hernandez583@ellarises.org,BA in Studio Arts,4/27/32
730,claire.hernandez583@ellarises.org,Middle School Diploma,4/27/25
731,natalie.brown584@studentmail.org,Apprentice Technician,10/9/25
732,natalie.brown584@studentmail.org,AS in Information Systems,11/18/25
733,penelope.nguyen585@ellarises.org,Competition Award,12/7/22
734,jack.hill586@studentmail.org,MS in Data Science,11/16/23
735,jack.hill586@studentmail.org,Lab Assistant,2/18/24
736,violet.brown587@ellarises.org,Mentorship Program,5/26/24
737,madison.lee588@learners.net,Digital Illustration Certificate,6/17/31
738,madison.lee588@learners.net,Competition Award,7/10/23
739,camila.taylor589@ellarises.org,Software Engineer I,4/4/30
740,camila.taylor589@ellarises.org,BS in Information Systems,3/5/30
741,zoey.torres590@studentmail.org,Data Analytics Certificate,10/16/25
742,lily.jones591@studentmail.org,High School Diploma,10/31/25
743,lily.jones591@studentmail.org,Middle School Diploma,10/31/24
744,sebastian.harris593@studentmail.org,MS in Information Systems,10/2/33
745,layla.williams595@studentmail.org,Mentorship Program,7/23/22
746,hazel.young596@learners.net,Customer Support Rep,4/29/26
747,hazel.young596@learners.net,Data Analytics Certificate,5/13/26
748,alexander.garcia597@community.org,Middle School Diploma,5/10/23
749,amelia.flores598@learners.net,Web Development Certificate,12/23/22
750,michael.miller599@ellarises.org,IT Help Desk Trainee,5/28/24
751,addison.torres600@studentmail.org,IT Help Desk Trainee,9/17/23
752,sebastian.hill602@community.org,Competition Award,6/7/25
753,william.lee603@studentmail.org,Internship,4/18/26
754,james.smith604@ellarises.org,MS in Data Science,10/31/24
755,ava.martin605@studentmail.org,Published Project,10/23/23
756,daniel.scott606@studentmail.org,Internship,2/14/22
757,daniel.scott606@studentmail.org,AS in Information Systems,1/20/22
758,natalie.nguyen607@studentmail.org,AS in Information Systems,10/18/28
759,hannah.jones608@learners.net,IT Support Certificate,5/9/29
760,hannah.jones608@learners.net,Lab Assistant,5/9/28
761,hannah.jones608@learners.net,Middle School Diploma,5/12/24
762,isabella.torres609@community.org,Software Engineer I,10/21/26
763,oliver.davis610@studentmail.org,Apprentice Technician,2/20/22
764,mia.lee611@studentmail.org,MS in Data Science,8/26/24
765,james.lewis612@ellarises.org,Internship,3/26/24
766,abigail.walker613@ellarises.org,AS in Information Systems,4/3/27
767,sofia.rodriguez614@community.org,Web Development Certificate,8/3/28
768,emily.davis616@community.org,Competition Award,8/2/23
769,sophia.martin617@studentmail.org,Competition Award,2/1/25
770,nora.white618@studentmail.org,AA in Art & Design,6/5/23
771,aurora.smith619@learners.net,Mentorship Program,6/3/25
772,aurora.smith619@learners.net,Customer Support Rep,8/20/23
773,sebastian.wilson620@studentmail.org,Competition Award,8/14/24
774,sebastian.wilson620@studentmail.org,Middle School Diploma,4/19/24
775,aria.johnson621@community.org,MS in Information Systems,1/8/24
776,paisley.brown622@community.org,Clinical Data Coordinator,11/14/33
777,paisley.brown622@community.org,Lab Assistant,11/14/29
778,natalie.miller623@ellarises.org,Product Designer,10/13/24
779,natalie.miller623@ellarises.org,Customer Support Rep,3/2/22
780,elizabeth.lee624@community.org,Data Analytics Certificate,4/9/26
781,emma.williams625@studentmail.org,Internship,10/20/25
782,emma.williams625@studentmail.org,MFA in Studio Arts,10/28/28
783,emma.thompson626@learners.net,Competition Award,2/28/22
784,eleanor.harris627@ellarises.org,MS in Data Science,10/24/28
785,emily.harris628@studentmail.org,Digital Illustration Certificate,11/18/25
786,emily.harris628@studentmail.org,Competition Award,11/29/25
787,emily.harris628@studentmail.org,AAS in Drafting & Design,10/2/25
788,skylar.lewis629@studentmail.org,BS in Data Analytics,5/5/33
789,skylar.lewis629@studentmail.org,IT Help Desk Trainee,11/8/22
790,skylar.lewis629@studentmail.org,Competition Award,5/21/25
791,camila.martin630@studentmail.org,Web Development Certificate,9/19/30
792,lily.lee631@ellarises.org,Published Project,1/19/23
793,lily.lee631@ellarises.org,High School Diploma,4/23/31
794,noah.clark632@learners.net,Studio Assistant,3/4/26
795,noah.clark632@learners.net,Middle School Diploma,3/27/23
796,mila.rodriguez633@studentmail.org,Web Development Certificate,8/2/29
797,mila.rodriguez633@studentmail.org,BA in Studio Arts,8/2/31
798,camila.allen635@community.org,MS in Data Science,8/17/30
799,nora.wilson637@ellarises.org,Competition Award,3/12/24
800,addison.ramirez638@community.org,High School Diploma,2/25/31
801,sebastian.king639@ellarises.org,Retail Assistant,1/25/23
802,sebastian.king639@ellarises.org,Mentorship Program,10/29/22
803,michael.wright640@community.org,MS in Data Science,2/23/34
804,savannah.lewis641@community.org,AA in Art & Design,5/23/26
805,savannah.lewis641@community.org,Junior QA Tester,5/11/26
806,charlotte.king642@studentmail.org,Customer Support Rep,10/20/23
807,ella.lopez643@studentmail.org,Mentorship Program,10/22/22
808,nora.robinson644@ellarises.org,Competition Award,4/9/24
809,emily.davis645@community.org,AS in Information Systems,4/21/32
810,lily.harris646@community.org,Competition Award,8/20/23
811,lily.harris646@community.org,Published Project,1/9/23
812,scarlett.hernandez647@studentmail.org,BS in Computer Science,5/31/27
813,lucas.jackson648@studentmail.org,IT Support Certificate,6/18/24
814,olivia.robinson649@community.org,Lifeguard,11/3/23
815,jack.robinson650@community.org,Studio Assistant,2/20/24
816,penelope.flores651@studentmail.org,Middle School Diploma,8/26/25
817,penelope.flores651@studentmail.org,BS in Computer Science,8/26/32
818,aria.williams652@learners.net,Retail Assistant,7/27/24
819,lily.jackson653@studentmail.org,BS in Computer Science,4/25/23
820,claire.white654@community.org,Published Project,7/23/22
821,avery.moore655@learners.net,Competition Award,7/31/25
822,avery.moore655@learners.net,High School Diploma,8/10/30
823,amelia.miller656@ellarises.org,Internship,8/29/23
824,amelia.miller656@ellarises.org,IT Support Certificate,7/31/25
825,lucy.king657@learners.net,Competition Award,12/14/25
826,jackson.young658@studentmail.org,Internship,11/22/23
827,jackson.young658@studentmail.org,BS in Information Systems,5/25/24
828,theodore.davis659@studentmail.org,MS in Information Systems,11/4/27
829,hannah.smith660@studentmail.org,AA in Art & Design,7/23/26
830,claire.smith661@ellarises.org,Lab Assistant,1/17/24
831,violet.walker662@community.org,Mentorship Program,11/15/25
832,sebastian.perez663@community.org,AS in Information Systems,9/8/27
833,aaliyah.scott664@ellarises.org,Middle School Diploma,11/5/24
834,aaliyah.scott664@ellarises.org,Internship,5/20/24
835,penelope.johnson665@learners.net,Middle School Diploma,5/2/25
836,riley.hill666@ellarises.org,Internship,1/13/25
837,riley.hill666@ellarises.org,Middle School Diploma,4/20/25
838,jackson.thomas667@learners.net,BS in Data Analytics,10/11/29
839,jackson.thomas667@learners.net,AS in Computer Science,10/11/27
840,ella.white668@ellarises.org,IT Support Certificate,5/8/27
841,mateo.martinez669@studentmail.org,Internship,3/19/25
842,aria.miller670@studentmail.org,Mentorship Program,9/10/22
843,ella.smith671@learners.net,High School Diploma,8/4/24
844,mila.king672@learners.net,High School Diploma,4/30/29
845,mila.king672@learners.net,Junior QA Tester,5/30/29
846,claire.gonzalez673@studentmail.org,Internship,10/24/22
847,paisley.martinez674@studentmail.org,IT Support Certificate,7/22/22
848,kennedy.scott675@learners.net,BA in Studio Arts,11/16/30
849,kennedy.scott675@learners.net,Middle School Diploma,11/1/24
850,evelyn.martin676@learners.net,BS in Mechanical Engineering,7/23/28
851,evelyn.martin676@learners.net,Systems Analyst,8/22/28
852,charlotte.miller677@community.org,AA in Art & Design,5/25/22
853,lucas.flores678@learners.net,Published Project,11/13/23
854,lucas.flores678@learners.net,Digital Illustration Certificate,12/17/23
855,sofia.garcia679@community.org,AS in Computer Science,7/21/26
856,aria.flores680@learners.net,IT Help Desk Trainee,6/20/24
857,aria.flores680@learners.net,High School Diploma,8/19/24
858,sophia.jones681@community.org,Middle School Diploma,1/22/24
859,evelyn.martin683@community.org,Apprentice Technician,12/5/28
860,evelyn.martin683@community.org,BS in Data Analytics,12/5/31
861,lily.walker684@community.org,Mentorship Program,11/19/25
862,ethan.thomas685@studentmail.org,High School Diploma,2/14/24
863,theodore.lee686@ellarises.org,Product Designer,12/21/25
864,theodore.lee686@ellarises.org,Apprentice Technician,6/2/23
865,leah.lee687@community.org,Middle School Diploma,8/30/24
866,ava.martinez688@studentmail.org,Junior Art Assistant,1/31/24
867,nora.wilson689@learners.net,Data Analytics Certificate,10/16/25
868,emily.nguyen690@ellarises.org,Lab Assistant,11/8/22
869,emily.nguyen690@ellarises.org,Internship,1/1/23
870,emily.nguyen690@ellarises.org,Published Project,8/12/22
871,charlotte.smith691@learners.net,Internship,7/28/22
872,charlotte.smith691@learners.net,AS in Computer Science,1/17/24
873,charlotte.smith691@learners.net,Mentorship Program,1/17/23
874,james.lee692@community.org,AS in Information Systems,7/13/24
875,jack.rodriguez693@studentmail.org,BS in Data Analytics,12/19/24
876,sofia.rodriguez694@ellarises.org,Clinical Data Coordinator,3/7/35
877,william.rodriguez695@ellarises.org,AS in Information Systems,8/6/31
878,william.rodriguez695@ellarises.org,Competition Award,12/26/25
879,william.rodriguez695@ellarises.org,MS in Information Systems,8/6/35
880,riley.robinson696@community.org,High School Diploma,3/7/24
881,ava.torres697@community.org,AS in Information Systems,3/20/25
882,natalie.williams698@ellarises.org,Middle School Diploma,4/17/25
883,natalie.williams698@ellarises.org,Clinical Data Coordinator,1/6/32
884,abigail.martinez699@learners.net,High School Diploma,9/7/28
885,jack.jones700@learners.net,AS in Information Systems,6/17/25
886,daniel.walker701@learners.net,Web Development Certificate,6/15/24
887,brooklyn.torres702@learners.net,AA in Art & Design,11/6/28
888,savannah.flores703@ellarises.org,Competition Award,5/6/25
889,eleanor.rodriguez704@learners.net,Middle School Diploma,8/18/27
890,layla.nguyen705@studentmail.org,Data Analytics Certificate,9/19/31
891,riley.king706@ellarises.org,IT Support Certificate,2/14/27
892,riley.king706@ellarises.org,IT Help Desk Trainee,2/4/24
893,hazel.thomas707@community.org,High School Diploma,3/22/24
894,ella.brown708@studentmail.org,Studio Assistant,9/6/25
895,madison.harris709@community.org,Competition Award,10/26/22
896,madison.harris709@community.org,Data Analyst,10/2/28
897,lucas.harris710@learners.net,Published Project,12/5/25
898,william.flores711@learners.net,Competition Award,6/25/25
899,olivia.jones713@ellarises.org,Internship,1/31/23
900,olivia.jones713@ellarises.org,Mentorship Program,3/26/23
901,victoria.jackson714@learners.net,Lab Assistant,3/28/23
902,hannah.hill715@ellarises.org,Competition Award,5/1/22
903,riley.davis716@studentmail.org,Studio Assistant,4/29/29
904,elijah.lee717@learners.net,MS in Data Science,6/17/24
905,james.lopez719@community.org,High School Diploma,1/23/26
906,mila.lewis720@learners.net,Middle School Diploma,11/23/23
907,lucas.johnson721@community.org,Published Project,4/30/22
908,paisley.martinez722@learners.net,Junior QA Tester,11/14/30
909,paisley.martinez722@learners.net,MFA in Studio Arts,11/14/35
910,avery.torres724@learners.net,Middle School Diploma,3/3/24
911,emily.white725@learners.net,Lab Assistant,7/12/29
912,mia.harris726@studentmail.org,Published Project,9/17/24
913,mia.harris726@studentmail.org,Internship,2/4/25
914,alexander.garcia727@community.org,Internship,3/25/25
915,alexander.garcia727@community.org,Junior Art Assistant,11/11/24
916,lillian.young728@community.org,AS in Computer Science,3/17/27
917,emma.williams729@learners.net,MS in Data Science,2/4/29
918,michael.robinson730@studentmail.org,Apprentice Technician,6/30/31
919,michael.robinson730@studentmail.org,Competition Award,8/20/22
920,emma.walker731@ellarises.org,Mentorship Program,3/4/25
921,charlotte.martin732@ellarises.org,Clinical Data Coordinator,6/25/24
922,victoria.jones733@studentmail.org,High School Diploma,8/11/26
923,ethan.rodriguez734@learners.net,High School Diploma,11/15/23
924,penelope.martinez735@community.org,Published Project,5/19/25
925,mia.rodriguez736@ellarises.org,MBA,12/3/30
926,mia.rodriguez736@ellarises.org,Camp Counselor,5/13/23
927,ava.lopez737@ellarises.org,Middle School Diploma,7/12/26
928,aria.moore738@community.org,Published Project,8/16/25
929,jackson.flores739@ellarises.org,Apprentice Technician,7/5/27
930,avery.king740@ellarises.org,Digital Illustration Certificate,5/20/27
931,grace.moore741@ellarises.org,Lifeguard,7/27/23
932,mia.brown742@learners.net,Customer Support Rep,9/14/24
933,mia.brown742@learners.net,Internship,8/2/24
934,mia.miller743@ellarises.org,High School Diploma,7/20/26
935,lillian.lewis744@learners.net,Middle School Diploma,8/24/25
936,lillian.lewis744@learners.net,Apprentice Technician,7/21/25
937,claire.anderson745@ellarises.org,Systems Analyst,6/4/27
938,evelyn.walker746@community.org,Mentorship Program,7/3/22
939,benjamin.lopez747@community.org,Systems Analyst,3/5/33
940,benjamin.lopez747@community.org,High School Diploma,3/5/29
941,nora.perez748@studentmail.org,IT Support Certificate,5/3/23
942,theodore.robinson749@community.org,Clinical Data Coordinator,8/14/25
943,theodore.robinson749@community.org,Published Project,10/18/24
944,chloe.torres750@studentmail.org,Customer Support Rep,11/5/23
945,theodore.moore751@ellarises.org,Apprentice Technician,6/12/23
946,theodore.moore751@ellarises.org,BS in Information Systems,5/5/25
947,victoria.nguyen752@studentmail.org,Apprentice Technician,4/13/27
948,victoria.nguyen752@studentmail.org,High School Diploma,3/14/27
949,victoria.nguyen752@studentmail.org,Middle School Diploma,3/14/26
950,isabella.ramirez753@community.org,BS in Computer Science,2/24/28
951,abigail.scott754@ellarises.org,Digital Illustration Certificate,3/10/24
952,emily.johnson755@community.org,Competition Award,6/17/24
953,sophia.robinson756@community.org,Product Designer,5/3/26
954,elijah.moore758@studentmail.org,AAS in Drafting & Design,7/18/27
955,elijah.moore758@studentmail.org,Product Designer,7/18/30
956,natalie.brown759@ellarises.org,Middle School Diploma,4/26/25
957,harper.scott760@studentmail.org,Camp Counselor,2/15/23
958,grace.anderson761@learners.net,Middle School Diploma,4/4/26
959,charlotte.jones762@learners.net,High School Diploma,10/24/26
960,jack.wright763@learners.net,Middle School Diploma,12/9/23
961,aria.young765@studentmail.org,AAS in Drafting & Design,6/23/24
962,ethan.rodriguez766@community.org,Mentorship Program,4/22/23
963,mason.scott768@community.org,Internship,1/22/23
964,madison.walker769@learners.net,AAS in Drafting & Design,12/2/23
965,madison.walker769@learners.net,Lab Assistant,6/13/23
966,chloe.flores770@studentmail.org,Mentorship Program,4/2/24
967,avery.johnson773@community.org,MFA in Studio Arts,3/8/27
968,avery.johnson773@community.org,Customer Support Rep,6/19/25
969,ethan.allen774@learners.net,Lifeguard,4/27/24
970,violet.davis775@community.org,Published Project,9/26/22
971,victoria.lewis776@learners.net,MFA in Studio Arts,2/1/33
972,penelope.gonzalez777@ellarises.org,Internship,10/30/25
973,alexander.lee778@ellarises.org,Internship,8/2/22
974,olivia.jackson779@learners.net,Junior Art Assistant,6/30/22
975,oliver.lewis780@learners.net,Product Designer,5/5/35
976,camila.nguyen781@ellarises.org,Mentorship Program,4/18/23
977,leah.garcia782@ellarises.org,Middle School Diploma,4/16/23
978,leah.garcia782@ellarises.org,MFA in Studio Arts,4/30/24
979,camila.gonzalez783@studentmail.org,Apprentice Technician,5/7/24
980,brooklyn.young784@community.org,Competition Award,5/28/25
981,jack.davis785@learners.net,High School Diploma,5/14/25
982,jack.davis785@learners.net,Published Project,12/15/24
983,jackson.jones786@learners.net,Systems Analyst,2/1/33
984,jackson.jones786@learners.net,Mentorship Program,4/20/23
985,jackson.jones786@learners.net,Internship,4/14/23
986,avery.white787@ellarises.org,Studio Assistant,1/13/23
987,avery.white787@ellarises.org,Software Engineer I,4/4/23
988,charlotte.jackson789@learners.net,Mentorship Program,10/13/24
989,riley.miller790@studentmail.org,Internship,4/20/23
990,noah.perez792@studentmail.org,Published Project,4/18/24
991,noah.perez792@studentmail.org,Mentorship Program,3/15/24
992,mason.wright793@ellarises.org,Published Project,10/31/23
993,mason.wright793@ellarises.org,High School Diploma,11/26/23
994,levi.thompson794@learners.net,Published Project,1/26/25
995,brooklyn.johnson795@ellarises.org,Product Designer,6/7/34
996,sofia.wilson796@studentmail.org,Systems Analyst,2/4/26
997,william.williams797@studentmail.org,AS in Computer Science,4/22/29
998,william.williams797@studentmail.org,BA in Studio Arts,4/22/31
999,avery.taylor798@ellarises.org,High School Diploma,12/4/31
1000,avery.taylor798@ellarises.org,Web Development Certificate,12/4/32
1001,grace.nguyen799@studentmail.org,Internship,8/23/24
1002,penelope.nguyen800@learners.net,MS in Data Science,4/29/31
1003,penelope.nguyen800@learners.net,Published Project,7/27/26
1004,elizabeth.nguyen801@ellarises.org,Data Analyst,4/27/25
1005,elizabeth.nguyen801@ellarises.org,Mentorship Program,6/12/25
1006,elizabeth.nguyen801@ellarises.org,Published Project,10/29/25
1007,ava.miller802@studentmail.org,IT Help Desk Trainee,5/29/22
1008,ava.miller802@studentmail.org,Clinical Data Coordinator,3/22/27
1009,riley.lewis803@ellarises.org,Mentorship Program,5/10/25
1010,riley.lewis803@ellarises.org,MS in Data Science,7/7/29
1011,riley.lewis803@ellarises.org,Internship,3/12/25
1012,madison.clark804@ellarises.org,Digital Illustration Certificate,8/28/27
1013,natalie.jackson805@ellarises.org,Data Analytics Certificate,8/19/24
1014,bella.lewis806@studentmail.org,Competition Award,1/23/24
1015,zoe.lopez807@ellarises.org,AAS in Drafting & Design,10/29/25
1016,abigail.davis808@studentmail.org,Lifeguard,5/18/23
1017,harper.white809@studentmail.org,BS in Mechanical Engineering,7/29/24
1018,harper.white809@studentmail.org,Published Project,9/6/24
1019,jackson.moore810@learners.net,MS in Data Science,11/13/30
1020,aria.robinson811@ellarises.org,Published Project,10/9/25
1021,aria.robinson811@ellarises.org,Camp Counselor,11/1/25
1022,sophia.miller812@ellarises.org,Middle School Diploma,12/18/24
1023,claire.martinez813@learners.net,Middle School Diploma,12/11/24
1024,nora.jackson814@community.org,IT Support Certificate,9/13/25
1025,ethan.johnson815@ellarises.org,Middle School Diploma,1/30/25
1026,henry.robinson816@ellarises.org,Lab Assistant,11/2/30
1027,william.rodriguez817@learners.net,Web Development Certificate,10/5/28
1028,ethan.torres818@community.org,Apprentice Technician,5/2/22
1029,ethan.torres818@community.org,Published Project,6/22/22
1030,mia.rodriguez820@learners.net,BS in Data Analytics,1/9/32
1031,elizabeth.ramirez821@learners.net,IT Support Certificate,10/30/30
1032,lillian.martin822@ellarises.org,Mentorship Program,12/28/23
1033,sebastian.lee823@ellarises.org,Published Project,4/1/25
1034,jack.nguyen824@ellarises.org,MBA,3/26/27
1035,alexander.miller825@studentmail.org,High School Diploma,2/15/23
1036,natalie.ramirez826@studentmail.org,Competition Award,5/11/23
1037,charlotte.martin827@community.org,Middle School Diploma,2/5/27
1038,elizabeth.nguyen828@learners.net,Published Project,11/13/23
1039,kennedy.jones829@learners.net,AS in Information Systems,11/18/30
1040,nora.clark830@community.org,Internship,3/10/22
1041,riley.johnson831@studentmail.org,Data Analyst,4/10/26
1042,sebastian.flores832@community.org,BS in Computer Science,5/16/28
1043,sebastian.flores832@community.org,Data Analytics Certificate,5/16/26
1044,scarlett.martin833@community.org,Apprentice Technician,4/2/24
1045,lily.taylor834@studentmail.org,Software Engineer I,6/29/24
1046,lily.taylor834@studentmail.org,BS in Information Systems,5/30/24
1047,lily.taylor834@studentmail.org,Mentorship Program,6/3/24
1048,bella.robinson835@community.org,AS in Information Systems,1/27/25
1049,camila.johnson836@learners.net,High School Diploma,6/14/29
1050,camila.johnson836@learners.net,Lifeguard,12/5/24
1051,alexander.johnson837@ellarises.org,Camp Counselor,3/7/26
1052,natalie.garcia838@community.org,AAS in Drafting & Design,8/8/25
1053,mason.taylor839@community.org,Junior Art Assistant,7/5/25
1054,hazel.thomas840@community.org,Competition Award,11/4/22
1055,noah.taylor841@ellarises.org,MS in Information Systems,2/5/27
1056,noah.taylor841@ellarises.org,Product Designer,3/7/27
1057,jack.thomas842@learners.net,Camp Counselor,9/2/22
1058,jack.thomas842@learners.net,Competition Award,6/6/24
1059,isabella.brown843@studentmail.org,Published Project,1/9/25
1060,lillian.martin845@studentmail.org,IT Support Certificate,6/15/30
1061,penelope.garcia846@community.org,High School Diploma,2/2/31
1062,penelope.garcia846@community.org,Published Project,2/19/23
1063,penelope.garcia846@community.org,Systems Analyst,2/2/35
1064,lily.taylor847@ellarises.org,MS in Data Science,7/19/36
1065,sophia.brown848@studentmail.org,Mentorship Program,1/2/24
1066,bella.lee849@ellarises.org,Mentorship Program,4/30/23
1067,sofia.hill850@community.org,Middle School Diploma,12/3/23
1068,claire.jackson851@studentmail.org,Competition Award,6/24/25
1069,chloe.brown853@community.org,IT Support Certificate,12/18/24
1070,chloe.brown853@community.org,Mentorship Program,4/13/25
1071,avery.smith854@community.org,Clinical Data Coordinator,6/25/24
1072,avery.smith854@community.org,Lab Assistant,12/13/25
1073,avery.smith854@community.org,AA in Art & Design,12/31/25
1074,grace.gonzalez855@learners.net,MBA,7/22/24
1075,hannah.jackson856@studentmail.org,Published Project,3/12/22
1076,lillian.flores857@community.org,MS in Data Science,7/30/24
1077,camila.lee858@community.org,AS in Computer Science,7/6/32
1078,evelyn.miller859@ellarises.org,BS in Data Analytics,4/30/26
1079,evelyn.miller859@ellarises.org,High School Diploma,11/6/24
1080,mia.smith860@learners.net,Middle School Diploma,3/11/24
1081,mia.smith860@learners.net,Studio Assistant,3/1/24
1082,sofia.scott861@ellarises.org,Web Development Certificate,1/20/27
1083,theodore.rodriguez862@ellarises.org,Middle School Diploma,3/21/22
1084,aaliyah.williams863@studentmail.org,Web Development Certificate,8/25/25
1085,lucy.king864@learners.net,Middle School Diploma,7/12/27
1086,lucy.king864@learners.net,Internship,11/27/25
1087,henry.brown865@studentmail.org,Web Development Certificate,12/1/24
1088,henry.brown865@studentmail.org,Data Analyst,7/9/24
1089,lily.robinson866@community.org,Data Analyst,11/26/28
1090,alexander.robinson867@community.org,BA in Studio Arts,6/11/24
1091,alexander.robinson867@community.org,Lab Assistant,9/19/23
1092,grace.jackson868@studentmail.org,MS in Information Systems,8/20/32
1093,hannah.nguyen869@ellarises.org,Mentorship Program,12/4/25
1094,hannah.nguyen869@ellarises.org,Published Project,5/8/24
1095,addison.young870@ellarises.org,Competition Award,6/9/24
1096,mila.lee871@studentmail.org,MFA in Studio Arts,3/8/30
1097,mila.lee871@studentmail.org,Internship,2/11/23
1098,ava.perez872@ellarises.org,Middle School Diploma,4/24/24
1099,aurora.lee873@ellarises.org,High School Diploma,7/17/25
1100,layla.thomas874@community.org,MBA,9/18/28
1101,aurora.martinez875@ellarises.org,Middle School Diploma,5/13/26
1102,stella.miller876@learners.net,AAS in Drafting & Design,9/15/24
1103,elijah.garcia877@community.org,Studio Assistant,2/23/29
1104,mia.allen878@learners.net,AAS in Drafting & Design,2/9/27
1105,brooklyn.thomas880@community.org,Mentorship Program,7/10/25
1106,brooklyn.thomas880@community.org,Middle School Diploma,5/8/25
1107,daniel.ramirez881@community.org,BS in Mechanical Engineering,12/21/25
1108,daniel.ramirez881@community.org,Published Project,6/5/23
1109,james.williams883@ellarises.org,Competition Award,4/18/24
1110,benjamin.lewis884@learners.net,Digital Illustration Certificate,7/9/25
1111,lucy.miller885@community.org,Competition Award,7/31/23
1112,levi.robinson886@community.org,Digital Illustration Certificate,6/28/31
1113,james.martin887@ellarises.org,MBA,7/5/22
1114,zoey.johnson888@studentmail.org,Published Project,4/3/23
1115,zoey.johnson888@studentmail.org,Internship,10/24/23
1116,sebastian.gonzalez889@ellarises.org,BA in Studio Arts,8/18/28
1117,ella.hernandez890@studentmail.org,Internship,12/1/24
1118,addison.gonzalez891@learners.net,Systems Analyst,1/20/26
1119,addison.gonzalez891@learners.net,Middle School Diploma,1/23/26
1120,william.clark892@community.org,AS in Computer Science,11/26/26
1121,william.clark892@community.org,High School Diploma,11/26/25
1122,alexander.anderson893@ellarises.org,High School Diploma,5/30/27
1123,alexander.anderson893@ellarises.org,AS in Information Systems,5/30/28
1124,oliver.walker894@ellarises.org,Digital Illustration Certificate,1/21/26
1125,oliver.walker894@ellarises.org,Lab Assistant,3/11/26
1126,emma.hernandez895@learners.net,Internship,1/20/24
1127,emma.hernandez895@learners.net,Published Project,11/26/23
1128,violet.hill896@community.org,Retail Assistant,9/23/23
1129,natalie.walker897@studentmail.org,Lab Assistant,12/17/29
1130,natalie.walker897@studentmail.org,Middle School Diploma,12/17/25
1131,layla.gonzalez898@studentmail.org,Competition Award,10/6/22
1132,charlotte.johnson899@learners.net,Lifeguard,11/10/25
1133,charlotte.johnson899@learners.net,Middle School Diploma,5/12/26
1134,isabella.jones900@learners.net,Web Development Certificate,2/23/22
1135,alexander.taylor901@learners.net,Internship,1/6/26
1136,mila.scott903@ellarises.org,Clinical Data Coordinator,11/30/24
1137,lily.jackson904@community.org,Camp Counselor,2/14/24
1138,lily.jackson904@community.org,Mentorship Program,7/3/23
1139,skylar.rodriguez905@ellarises.org,BS in Data Analytics,9/20/23
1140,addison.martinez907@community.org,Competition Award,9/9/24
1141,michael.white908@ellarises.org,Mentorship Program,12/24/23
1142,harper.garcia909@learners.net,Software Engineer I,9/26/28
1143,brooklyn.lee911@learners.net,AA in Art & Design,9/10/29
1144,liam.lewis912@studentmail.org,Published Project,4/25/25
1145,abigail.williams913@learners.net,BS in Information Systems,9/3/29
1146,hannah.garcia914@learners.net,Apprentice Technician,12/6/24
1147,lucy.thomas915@learners.net,Lifeguard,11/5/24
1148,lucy.thomas915@learners.net,Mentorship Program,12/10/24
1149,mateo.thompson916@ellarises.org,BS in Information Systems,1/25/28
1150,ava.robinson917@learners.net,Competition Award,6/19/26
1151,zoey.white919@community.org,AS in Computer Science,3/30/25
1152,amelia.ramirez920@studentmail.org,Digital Illustration Certificate,12/16/25
1153,amelia.ramirez920@studentmail.org,High School Diploma,9/17/25
1154,mason.davis923@studentmail.org,Mentorship Program,6/5/22
1155,noah.davis924@ellarises.org,High School Diploma,9/22/26
1156,zoe.martin925@learners.net,Middle School Diploma,3/11/22
1157,oliver.brown926@learners.net,Data Analytics Certificate,11/29/24
1158,kennedy.jones927@ellarises.org,Junior Art Assistant,9/30/23
1159,leah.walker928@studentmail.org,High School Diploma,2/3/25
1160,scarlett.lee929@ellarises.org,Mentorship Program,9/26/23
1161,henry.moore930@ellarises.org,Customer Support Rep,8/2/27
1162,abigail.gonzalez931@ellarises.org,AA in Art & Design,4/10/27
1163,avery.wright932@studentmail.org,Competition Award,10/4/24
1164,henry.garcia933@learners.net,Mentorship Program,5/11/25
1165,riley.clark934@ellarises.org,Systems Analyst,9/7/25
1166,ethan.hernandez935@learners.net,BS in Information Systems,11/12/25
1167,chloe.brown936@learners.net,AS in Information Systems,6/22/25
1168,aaliyah.martinez937@community.org,Internship,8/26/24
1169,aaliyah.martinez937@community.org,MS in Data Science,11/11/24
1170,lillian.young938@community.org,High School Diploma,6/4/25
1171,harper.walker939@ellarises.org,BA in Studio Arts,4/29/26
1172,harper.walker939@ellarises.org,Mentorship Program,1/18/26
1173,elizabeth.thomas940@studentmail.org,Software Engineer I,7/3/22
1174,lucas.williams942@ellarises.org,Mentorship Program,12/15/25
1175,amelia.walker943@learners.net,Competition Award,12/19/25
1176,hannah.nguyen944@learners.net,Mentorship Program,9/4/23
1177,emily.sanchez945@ellarises.org,Junior Art Assistant,9/18/24
1178,mateo.lee946@learners.net,Lab Assistant,9/16/25
1179,claire.perez947@studentmail.org,Internship,12/3/24
1180,camila.smith948@community.org,Internship,12/4/23
1181,alexander.sanchez949@ellarises.org,BS in Information Systems,1/29/33
1182,leah.hill950@learners.net,Internship,3/16/23
1183,stella.gonzalez952@ellarises.org,Junior Art Assistant,6/9/22
1184,isabella.moore953@community.org,Middle School Diploma,5/9/23
1185,mateo.young954@studentmail.org,Retail Assistant,7/29/23
1186,harper.rodriguez955@learners.net,MBA,4/21/24
1187,emma.wright956@learners.net,Junior Art Assistant,10/1/24
1188,penelope.davis957@community.org,Middle School Diploma,3/6/27
1189,penelope.clark958@community.org,AAS in Drafting & Design,10/30/25
1190,sophia.anderson959@community.org,High School Diploma,6/30/23
1191,harper.miller960@ellarises.org,Customer Support Rep,6/18/24
1192,jack.thomas961@learners.net,Middle School Diploma,3/29/23
1193,henry.miller962@community.org,Data Analyst,7/19/28
1194,henry.miller962@community.org,MS in Information Systems,6/19/28
1195,harper.rodriguez963@ellarises.org,Published Project,12/1/24
1196,amelia.scott964@ellarises.org,Junior Art Assistant,3/5/24
1197,madison.hill965@ellarises.org,BS in Information Systems,11/29/31
1198,violet.johnson966@community.org,High School Diploma,8/27/25
1199,harper.nguyen967@studentmail.org,BS in Data Analytics,12/21/25
1200,harper.nguyen967@studentmail.org,Apprentice Technician,12/21/22
1201,henry.lopez968@studentmail.org,Middle School Diploma,3/25/23
1202,william.allen969@learners.net,Apprentice Technician,9/20/22
1203,violet.jackson970@learners.net,Lab Assistant,3/13/25
1204,violet.jackson970@learners.net,Internship,11/19/24
1205,violet.jackson970@learners.net,Published Project,6/26/25
1206,violet.jackson970@learners.net,Mentorship Program,1/11/25
1207,charlotte.ramirez971@learners.net,AS in Information Systems,3/16/25
1208,jack.robinson972@learners.net,BS in Data Analytics,5/16/25
1209,benjamin.williams973@community.org,MS in Information Systems,7/19/35
1210,benjamin.williams973@community.org,Mentorship Program,4/21/23
1211,benjamin.williams973@community.org,Published Project,10/7/22
1212,benjamin.williams973@community.org,Internship,11/6/22
1213,hannah.thomas974@community.org,BS in Data Analytics,10/22/22
1214,ava.white975@ellarises.org,MFA in Studio Arts,7/12/23
1215,ava.white975@ellarises.org,Internship,12/9/25
1216,ava.white975@ellarises.org,Middle School Diploma,9/1/25
1217,zoey.nguyen976@learners.net,Software Engineer I,5/16/25
1218,lucy.lopez977@learners.net,Systems Analyst,8/24/24
1219,elizabeth.johnson978@studentmail.org,Competition Award,4/19/24
1220,elizabeth.johnson978@studentmail.org,Internship,3/16/24
1221,lillian.white979@learners.net,Competition Award,2/29/24
1222,aria.rodriguez980@studentmail.org,BS in Computer Science,2/17/25
1223,addison.williams981@studentmail.org,High School Diploma,8/9/22
1224,addison.williams981@studentmail.org,Junior Art Assistant,5/15/22
1225,chloe.allen983@community.org,BS in Data Analytics,5/31/28
1226,zoe.king984@community.org,Competition Award,7/27/25
1227,isabella.wilson985@studentmail.org,IT Support Certificate,9/5/22
1228,leah.torres986@studentmail.org,Data Analytics Certificate,12/23/24
1229,leah.torres986@studentmail.org,BS in Computer Science,4/29/25
1230,savannah.lewis987@learners.net,Mentorship Program,3/23/26
1231,elijah.lewis988@community.org,Competition Award,8/1/23
1232,elijah.lewis988@community.org,Mentorship Program,5/15/23
1233,elijah.lewis988@community.org,Software Engineer I,2/10/26
1234,savannah.allen990@ellarises.org,BS in Information Systems,6/30/23
1235,savannah.allen990@ellarises.org,Competition Award,2/6/23
1236,isabella.wright991@studentmail.org,Published Project,6/4/23
1237,penelope.gonzalez992@studentmail.org,Junior QA Tester,7/4/24
1238,liam.sanchez993@ellarises.org,Mentorship Program,5/24/22
1239,grace.walker994@studentmail.org,Digital Illustration Certificate,3/16/32
1240,grace.walker994@studentmail.org,Internship,10/30/24
1241,grace.walker994@studentmail.org,Mentorship Program,9/10/24
1242,violet.garcia995@learners.net,Published Project,11/17/24
1243,sophia.white996@studentmail.org,Software Engineer I,3/18/30
1244,claire.nguyen998@ellarises.org,Digital Illustration Certificate,9/26/25
1245,claire.nguyen998@ellarises.org,Competition Award,4/5/25
1246,james.harris999@studentmail.org,Internship,8/6/23
1247,skylar.torres1000@community.org,Competition Award,9/1/22
1248,isabella.hill1001@community.org,Published Project,9/7/25
1249,noah.sanchez1003@studentmail.org,IT Support Certificate,9/22/26
1250,noah.sanchez1003@studentmail.org,IT Help Desk Trainee,9/28/22
1251,hazel.wilson1004@studentmail.org,Camp Counselor,11/11/24
1252,bella.nguyen1005@studentmail.org,High School Diploma,11/9/22
1253,aria.lewis1006@ellarises.org,Internship,9/1/24
1254,alexander.robinson1007@community.org,High School Diploma,6/30/29
1255,kennedy.martin1008@community.org,Studio Assistant,11/9/28
1256,kennedy.martin1008@community.org,BS in Information Systems,11/9/31
1257,penelope.wright1010@learners.net,MS in Information Systems,1/25/31
1258,avery.white1011@ellarises.org,Middle School Diploma,6/5/25
1259,eleanor.wilson1012@ellarises.org,Mentorship Program,7/28/26
1260,eleanor.wilson1012@ellarises.org,Competition Award,1/19/26
1261,liam.gonzalez1013@community.org,Lab Assistant,11/26/30
1262,henry.rodriguez1015@community.org,Retail Assistant,4/23/25
1263,henry.rodriguez1015@community.org,Junior QA Tester,7/1/25
1264,layla.jackson1016@ellarises.org,MFA in Studio Arts,3/12/35
1265,henry.thompson1017@studentmail.org,MS in Information Systems,11/6/24
1266,charlotte.king1018@ellarises.org,BS in Data Analytics,10/9/24
1267,charlotte.king1018@ellarises.org,Internship,3/21/24
1268,charlotte.harris1019@studentmail.org,Competition Award,7/18/23
1269,sophia.smith1020@learners.net,MFA in Studio Arts,12/12/24
1270,zoey.flores1022@studentmail.org,High School Diploma,8/26/23
1271,stella.lee1023@studentmail.org,Published Project,12/19/22
1272,benjamin.anderson1024@ellarises.org,Mentorship Program,2/12/24
1273,noah.martin1025@community.org,Mentorship Program,1/29/25
1274,noah.martin1025@community.org,IT Help Desk Trainee,10/28/25
1275,claire.harris1026@studentmail.org,Digital Illustration Certificate,12/11/30
1276,skylar.johnson1027@community.org,Junior QA Tester,5/17/26
1277,skylar.johnson1027@community.org,High School Diploma,4/17/26
1278,skylar.johnson1027@community.org,Retail Assistant,8/24/25
1279,abigail.brown1029@studentmail.org,MBA,10/20/23
1280,abigail.brown1029@studentmail.org,Published Project,10/20/23
1281,isabella.thomas1030@community.org,Published Project,12/30/24
1282,michael.clark1031@learners.net,Published Project,1/18/25
1283,ethan.brown1032@studentmail.org,Product Designer,3/19/26
1284,ava.jones1033@community.org,Published Project,9/19/24
1285,sofia.garcia1034@studentmail.org,Competition Award,10/2/22
1286,bella.hernandez1035@studentmail.org,High School Diploma,9/29/22
1287,lucas.gonzalez1036@learners.net,Studio Assistant,6/22/23
1288,henry.ramirez1037@community.org,Data Analyst,7/22/27
1289,henry.ramirez1037@community.org,Middle School Diploma,5/1/22
1290,brooklyn.hill1038@studentmail.org,MS in Data Science,11/10/26
1291,brooklyn.hill1038@studentmail.org,Published Project,2/19/25
1292,leah.scott1039@community.org,Web Development Certificate,2/20/24
1293,ava.smith1040@learners.net,High School Diploma,8/25/31
1294,lily.gonzalez1042@community.org,AA in Art & Design,6/6/27
1295,lily.gonzalez1042@community.org,Lifeguard,10/29/25
1296,zoe.brown1043@community.org,BS in Information Systems,9/18/28
1297,zoe.brown1043@community.org,Internship,11/18/24
1298,sophia.martinez1044@learners.net,BS in Mechanical Engineering,9/15/23
1299,lily.smith1045@ellarises.org,Published Project,7/7/22
1300,lily.smith1045@ellarises.org,High School Diploma,12/2/23
1301,sebastian.harris1047@learners.net,Clinical Data Coordinator,4/18/22
1302,kennedy.martinez1048@learners.net,Mentorship Program,8/23/24
1303,chloe.young1049@ellarises.org,Internship,3/6/24
1304,aurora.ramirez1050@studentmail.org,Data Analyst,8/13/25
1305,mateo.davis1051@community.org,AS in Information Systems,10/27/32
1306,mateo.davis1051@community.org,Internship,3/31/23
1307,leah.davis1053@learners.net,Mentorship Program,1/2/24
1308,elizabeth.smith1054@ellarises.org,BS in Information Systems,9/18/22
1309,elizabeth.smith1054@ellarises.org,MS in Information Systems,9/18/24
1310,ava.harris1055@learners.net,Published Project,1/24/22
1311,zoe.perez1056@learners.net,IT Support Certificate,6/28/24
1312,zoe.perez1056@learners.net,Internship,1/10/24
1313,zoe.perez1056@learners.net,Junior QA Tester,11/20/23
1314,stella.perez1057@ellarises.org,Camp Counselor,5/16/22
1315,sophia.hill1058@ellarises.org,AS in Information Systems,4/7/24
1316,mia.lee1060@community.org,Mentorship Program,1/10/25
1317,kennedy.ramirez1061@community.org,Middle School Diploma,8/14/24
1318,aria.king1062@ellarises.org,IT Help Desk Trainee,11/8/23
1319,emily.miller1064@community.org,Customer Support Rep,12/30/24
1320,emily.miller1064@community.org,Published Project,9/1/25
1321,eleanor.walker1065@ellarises.org,MS in Information Systems,11/16/25
1322,skylar.anderson1066@ellarises.org,Customer Support Rep,8/31/29
1323,william.anderson1067@studentmail.org,High School Diploma,1/13/25
1324,michael.hill1070@studentmail.org,Published Project,6/17/23
1325,savannah.anderson1071@community.org,Clinical Data Coordinator,9/14/22
1326,isabella.hill1072@learners.net,Mentorship Program,8/9/22
1327,isabella.hill1072@learners.net,AAS in Drafting & Design,3/13/22
1328,isabella.hill1072@learners.net,Clinical Data Coordinator,2/19/25
1329,levi.wilson1073@community.org,MBA,6/22/27
1330,levi.wilson1073@community.org,AS in Information Systems,2/18/25
1331,grace.anderson1074@ellarises.org,MFA in Studio Arts,9/16/26
1332,grace.anderson1074@ellarises.org,Competition Award,4/15/25
1333,lily.johnson1075@community.org,Data Analyst,11/23/27
1334,lily.johnson1075@community.org,Digital Illustration Certificate,11/12/24
1335,lily.johnson1075@community.org,MFA in Studio Arts,10/24/27
1336,claire.nguyen1077@ellarises.org,Middle School Diploma,10/5/25
1337,levi.jackson1078@studentmail.org,BS in Mechanical Engineering,6/29/34
1338,natalie.torres1079@ellarises.org,Published Project,12/10/23
1339,jack.lopez1080@ellarises.org,Junior QA Tester,4/24/28
1340,liam.thomas1081@ellarises.org,Digital Illustration Certificate,10/15/22
1341,layla.harris1082@ellarises.org,High School Diploma,6/12/25
1342,layla.harris1082@ellarises.org,Systems Analyst,9/16/25
1343,henry.white1083@ellarises.org,High School Diploma,12/21/25
1344,henry.white1083@ellarises.org,MBA,12/21/30
1345,henry.white1083@ellarises.org,Junior Art Assistant,7/3/22
1346,daniel.anderson1084@ellarises.org,Internship,5/4/24
1347,levi.ramirez1085@learners.net,AS in Information Systems,1/4/32
1348,levi.ramirez1085@learners.net,Apprentice Technician,1/4/31
1349,levi.ramirez1085@learners.net,MBA,1/4/36
1350,riley.sanchez1086@ellarises.org,Mentorship Program,11/22/23
1351,sebastian.davis1087@studentmail.org,BS in Computer Science,11/11/24
1352,aaliyah.davis1088@ellarises.org,BS in Mechanical Engineering,4/3/26
1353,isabella.garcia1089@ellarises.org,Competition Award,10/13/25
1354,ava.thomas1090@learners.net,Published Project,12/2/23
1355,camila.torres1091@community.org,Published Project,9/24/24
1356,hannah.nguyen1093@learners.net,Digital Illustration Certificate,11/10/24
1357,lucy.harris1094@studentmail.org,Lab Assistant,3/5/30
1358,aria.wright1095@studentmail.org,Competition Award,4/13/22
1359,addison.jones1097@learners.net,Middle School Diploma,4/15/25
1360,emily.white1098@learners.net,Published Project,9/5/25
1361,victoria.harris1099@ellarises.org,BS in Data Analytics,3/17/31
1362,victoria.harris1099@ellarises.org,Middle School Diploma,3/14/25
1363,elizabeth.king1100@learners.net,Middle School Diploma,5/17/23
1364,hazel.lopez1101@learners.net,Studio Assistant,3/12/24
1365,daniel.martinez1102@studentmail.org,MFA in Studio Arts,5/3/23
1366,zoe.thomas1103@community.org,Published Project,2/12/22
1367,penelope.ramirez1104@studentmail.org,MBA,2/13/29
1368,emily.garcia1105@ellarises.org,Internship,8/28/24
1369,emily.garcia1105@ellarises.org,Published Project,5/11/24
1370,emily.garcia1105@ellarises.org,Junior Art Assistant,10/26/24
1371,jackson.allen1107@ellarises.org,High School Diploma,9/24/31
1372,jackson.allen1107@ellarises.org,BS in Mechanical Engineering,9/24/34
1373,elijah.wright1108@learners.net,Published Project,11/8/23
1374,lucas.hernandez1109@studentmail.org,Internship,6/14/22
1375,elijah.young1110@community.org,High School Diploma,3/25/30
1376,avery.jackson1111@learners.net,High School Diploma,9/5/25
1377,avery.jackson1111@learners.net,AA in Art & Design,12/14/25
1378,avery.jackson1111@learners.net,IT Support Certificate,12/4/25
1379,james.wilson1112@learners.net,Published Project,9/10/24
1380,james.wilson1112@learners.net,MBA,11/9/33
1381,amelia.thompson1113@ellarises.org,AA in Art & Design,6/17/26
1382,riley.sanchez1114@learners.net,Middle School Diploma,3/10/25
1383,daniel.martinez1115@community.org,Middle School Diploma,10/27/25
1384,eleanor.anderson1116@community.org,AS in Computer Science,8/10/25
1385,eleanor.anderson1116@community.org,Apprentice Technician,9/9/24
1386,eleanor.anderson1116@community.org,IT Support Certificate,8/10/25
1387,eleanor.anderson1116@community.org,High School Diploma,8/10/24
1388,sebastian.moore1117@ellarises.org,IT Support Certificate,10/6/22
1389,sebastian.moore1117@ellarises.org,Mentorship Program,9/13/22
1390,william.smith1118@learners.net,AS in Information Systems,8/15/22
1391,oliver.perez1119@ellarises.org,Camp Counselor,7/8/24
1392,oliver.young1120@community.org,MS in Information Systems,4/4/31
1393,oliver.young1120@community.org,Software Engineer I,5/4/31
1394,hazel.rodriguez1121@ellarises.org,Competition Award,2/7/25
1395,olivia.thomas1122@ellarises.org,Published Project,5/5/23
1396,aurora.young1123@ellarises.org,Middle School Diploma,5/11/27
1397,aurora.young1123@ellarises.org,High School Diploma,5/11/31
1398,addison.moore1124@ellarises.org,Web Development Certificate,7/7/22
1399,addison.moore1124@ellarises.org,BS in Mechanical Engineering,8/27/22
1400,mila.allen1125@studentmail.org,Customer Support Rep,3/19/24
1401,liam.williams1126@learners.net,MS in Data Science,3/14/23
1402,emily.brown1127@community.org,Competition Award,1/10/23
1403,levi.brown1128@community.org,Middle School Diploma,7/18/22
1404,oliver.thomas1129@learners.net,Junior Art Assistant,11/11/23
1405,claire.wilson1130@learners.net,High School Diploma,8/31/24
1406,claire.wilson1130@learners.net,IT Help Desk Trainee,3/4/24
1407,alexander.white1131@learners.net,High School Diploma,4/26/30
1408,skylar.white1132@learners.net,High School Diploma,8/1/29
1409,skylar.white1132@learners.net,BA in Studio Arts,8/1/32
1410,hazel.garcia1133@ellarises.org,Lifeguard,4/18/24
1411,hazel.garcia1133@ellarises.org,Studio Assistant,11/5/24
1412,zoey.gonzalez1134@community.org,Apprentice Technician,3/4/22
1413,zoey.gonzalez1134@community.org,Competition Award,10/26/22
1414,nora.wright1135@studentmail.org,High School Diploma,5/7/27
1415,nora.wright1135@studentmail.org,BS in Mechanical Engineering,5/7/30
1416,kennedy.white1136@community.org,AAS in Drafting & Design,10/30/26
1417,kennedy.white1136@community.org,IT Support Certificate,10/30/26
1418,mateo.johnson1137@studentmail.org,MS in Data Science,8/30/24
1419,zoey.sanchez1138@community.org,MFA in Studio Arts,10/27/29
1420,hazel.scott1139@community.org,Published Project,4/15/24
1421,hazel.scott1139@community.org,Lifeguard,5/31/25
1422,hazel.scott1139@community.org,Mentorship Program,6/13/25
1423,savannah.moore1141@ellarises.org,BS in Computer Science,2/17/24
1424,aria.moore1142@studentmail.org,AS in Information Systems,5/23/25
1425,aria.moore1142@studentmail.org,BS in Computer Science,8/11/23
1426,ava.thompson1143@learners.net,Mentorship Program,8/14/25
1427,savannah.lee1144@ellarises.org,Mentorship Program,3/8/25
1428,william.white1147@studentmail.org,Mentorship Program,7/1/24
1429,zoey.torres1148@community.org,Mentorship Program,11/1/25
1430,zoey.torres1148@community.org,Middle School Diploma,11/8/25
1431,james.hill1149@studentmail.org,Lifeguard,1/25/25
1432,liam.miller1150@studentmail.org,BS in Computer Science,8/12/26
1433,liam.miller1150@studentmail.org,Mentorship Program,2/12/23
1434,olivia.williams1151@studentmail.org,Data Analytics Certificate,4/15/25
1435,olivia.williams1151@studentmail.org,Lifeguard,6/2/25
1436,olivia.smith1152@ellarises.org,Mentorship Program,3/22/23
1437,henry.hernandez1153@learners.net,Competition Award,3/9/24
1438,paisley.wright1154@ellarises.org,Published Project,6/28/26
1439,aria.thompson1156@learners.net,Mentorship Program,10/19/23
1440,aria.thompson1156@learners.net,Lifeguard,4/22/24
1441,aria.thompson1156@learners.net,BS in Mechanical Engineering,5/27/33
1442,ella.young1157@studentmail.org,High School Diploma,12/8/23
1443,ella.young1157@studentmail.org,Retail Assistant,9/10/22
1444,ella.young1157@studentmail.org,Middle School Diploma,12/8/22
1445,skylar.davis1158@learners.net,Studio Assistant,8/8/24
1446,skylar.hill1159@studentmail.org,Junior QA Tester,1/6/29
1447,kennedy.miller1160@learners.net,Published Project,3/27/23
1448,ava.martinez1161@studentmail.org,Published Project,8/18/22
1449,harper.davis1162@community.org,High School Diploma,1/30/26
1450,harper.davis1162@community.org,BS in Computer Science,7/24/27
1451,harper.davis1162@community.org,Middle School Diploma,1/30/25
1452,skylar.rodriguez1164@studentmail.org,Published Project,11/11/23
1453,sebastian.wright1165@studentmail.org,Systems Analyst,10/26/30
1454,sebastian.wright1165@studentmail.org,Data Analytics Certificate,10/26/27
1455,camila.davis1167@ellarises.org,Middle School Diploma,1/19/24
1456,oliver.thomas1168@studentmail.org,Web Development Certificate,11/29/21
1457,aria.harris1169@ellarises.org,Data Analytics Certificate,11/12/30
1458,levi.hill1170@studentmail.org,Internship,11/27/23
1459,olivia.torres1171@community.org,Studio Assistant,9/5/31
1460,mason.martin1172@community.org,AS in Computer Science,6/18/30
1461,aurora.davis1173@studentmail.org,MS in Information Systems,7/21/33
1462,mateo.hernandez1174@ellarises.org,Lab Assistant,7/6/27
1463,mateo.hernandez1174@ellarises.org,High School Diploma,6/6/27
1464,mateo.martin1175@studentmail.org,Competition Award,3/26/26
1465,sofia.martin33@community.org,High School Diploma,4/17/23
1466,aurora.young202@studentmail.org,Internship,5/25/24
1467,addison.martinez361@ellarises.org,BS in Data Analytics,10/8/25
1468,sofia.gonzalez372@community.org,Customer Support Rep,1/23/28
1469,sofia.gonzalez372@community.org,Published Project,6/10/23
1470,madison.hill634@studentmail.org,Published Project,3/4/25
1471,sofia.allen682@ellarises.org,Middle School Diploma,3/13/25
1472,zoey.lewis951@ellarises.org,High School Diploma,4/7/30
1473,stella.perez997@studentmail.org,Internship,12/13/25
1474,claire.robinson1014@community.org,BS in Data Analytics,9/26/32
1475,lucy.clark1052@community.org,High School Diploma,1/2/27
1476,bella.brown1069@studentmail.org,Internship,9/26/26
1477,james.jones1076@learners.net,Published Project,3/11/27
1478,eleanor.johnson1145@ellarises.org,Mentorship Program,1/19/26
1479,victoria.garcia1166@studentmail.org,Competition Award,6/6/26
1480,victoria.garcia1166@studentmail.org,MBA,2/16/28